player_name,club,age,position,position_group_ws,apps,minutes_played,goals,assists,goals_per_90,assists_per_90,yellow_cards,shots_per_game,pass_success_pct,aerials_won,rating,tackles_per_game,interceptions_per_game,fouls_per_game,clearances_per_game,dribbled_past_per_game,blocks_per_game,key_passes_per_game,dribbles_per_game,fouled_per_game,avg_passes_per_game,crosses_per_game,long_balls_per_game,through_balls_per_game,xg,xg_diff,xg_per_shot,nationality,position_tm,contract_months_remaining,market_value_eur,position_group,is_striker,is_winger,is_attacking_mid,is_central_mid,is_cdm,is_fullback,is_goalkeeper,nationality_group,is_brazilian,is_french,is_english,is_spanish,is_german,is_argentinian,is_portuguese,is_african,is_asian,is_south_american_other
Mohamed Salah,Liverpool,33,FW,striker,38.0,3380.0,29.0,18.0,0.7722,0.4793,1.0,3.4,73.9,0.2,7.61,0.6,0.2,0.7,0.1,0.2,0.0,2.3,1.5,1.0,30.4,0.4,0.7,0.2,28.01,0.99,0.22,Egypt,Right Winger,18,50000000.0,winger,0,1,0,0,0,0,0,african,0,0,0,0,0,0,0,1,0,0
Bukayo Saka,Arsenal,24,M(CLR),central_mid,25.0,1737.0,6.0,10.0,0.3109,0.5181,3.0,2.7,84.3,0.4,7.37,1.2,0.1,0.6,0.2,0.4,0.0,2.3,1.6,1.6,23.9,1.5,0.3,0.0,8.01,-2.01,0.12,England,Right Winger,18,150000000.0,winger,0,1,0,0,0,0,0,english,0,0,1,0,0,0,0,0,0,0
Cole Palmer,Chelsea,23,FW,striker,37.0,3199.0,15.0,8.0,0.422,0.2251,7.0,3.4,83.1,0.1,7.33,0.9,0.3,0.4,0.5,0.4,0.0,2.4,1.4,1.6,35.4,0.9,2.5,0.3,16.89,-1.89,0.13,England,Attacking Midfield,18,120000000.0,attacking_mid,0,0,1,0,0,0,0,english,0,0,1,0,0,0,0,0,0,0
Bryan Mbeumo,Brentford,26,FW,striker,38.0,3417.0,20.0,7.0,0.5268,0.1844,3.0,2.2,73.9,0.9,7.33,1.3,0.4,0.7,1.3,0.4,0.1,1.8,1.4,1.2,28.7,1.3,0.8,0.2,13.21,6.79,0.16,Cameroon,Right Winger,18,55000000.0,winger,0,1,0,0,0,0,0,african,0,0,0,0,0,0,0,1,0,0
Erling Haaland,Man City,25,FW,striker,31.0,2742.0,22.0,3.0,0.7221,0.0985,2.0,3.5,67.5,1.8,7.32,0.4,0.2,0.8,0.7,0.2,0.0,0.9,0.4,0.4,12.1,0.0,0.1,0.0,23.05,-1.05,0.21,Norway,Centre-Forward,18,180000000.0,striker,1,0,0,0,0,0,0,other_europe,0,0,0,0,0,0,0,0,0,0
Matheus Cunha,Wolves,26,FW,striker,33.0,2604.0,15.0,6.0,0.5184,0.2074,4.0,3.3,79.3,0.4,7.32,1.2,0.5,1.3,0.6,0.8,0.0,1.7,1.8,2.2,28.8,0.8,1.5,0.2,8.7,6.3,0.08,Brazil,Centre-Forward,18,60000000.0,striker,1,0,0,0,0,0,0,brazilian,1,0,0,0,0,0,0,0,0,0
Alexander Isak,Newcastle,26,FW,striker,34.0,2774.0,23.0,6.0,0.7462,0.1947,1.0,2.9,77.1,0.8,7.3,0.4,0.1,0.8,0.5,0.3,0.1,1.2,1.2,0.4,19.4,0.1,0.4,0.1,21.32,1.68,0.22,Sweden,Centre-Forward,18,120000000.0,striker,1,0,0,0,0,0,0,other_europe,0,0,0,0,0,0,0,0,0,0
Luis Díaz,Liverpool,29,FW,striker,36.0,2413.0,13.0,5.0,0.4849,0.1865,2.0,2.0,86.1,0.4,7.21,1.1,0.2,1.3,0.2,0.7,0.0,1.6,1.5,0.9,22.9,0.3,0.9,0.1,13.38,-0.38,0.19,Colombia,Left Winger,18,70000000.0,winger,0,1,0,0,0,0,0,south_american_other,0,0,0,0,0,0,0,0,0,1
Bruno Fernandes,Man Utd,31,FW,striker,36.0,3024.0,8.0,10.0,0.2381,0.2976,3.0,2.7,81.5,0.6,7.2,2.3,0.7,0.9,0.8,1.4,0.2,2.5,0.8,1.1,56.1,1.2,4.5,0.4,9.91,-1.91,0.1,Portugal,Attacking Midfield,18,50000000.0,attacking_mid,0,0,1,0,0,0,0,portuguese,0,0,0,0,0,0,1,0,0,0
Antoine Semenyo,Bournemouth,26,FW,striker,37.0,3210.0,11.0,5.0,0.3084,0.1402,9.0,3.4,78.2,1.8,7.2,1.5,0.3,2.0,0.9,0.7,0.2,1.2,1.9,1.0,26.9,0.2,0.5,0.1,12.87,-1.87,0.1,Ghana,Right Winger,18,40000000.0,winger,0,1,0,0,0,0,0,african,0,0,0,0,0,0,0,1,0,0
Amad Diallo,Man Utd,23,M(CR),central_mid,26.0,1903.0,8.0,6.0,0.3783,0.2838,5.0,1.8,85.9,0.4,7.17,1.5,0.4,0.8,0.6,0.5,0.1,1.9,1.6,1.1,32.8,0.7,0.5,0.0,4.51,3.49,0.1,Cote d'Ivoire,Right Winger,18,45000000.0,winger,0,1,0,0,0,0,0,other_europe,0,0,0,0,0,0,0,0,0,0
Jarrod Bowen,West Ham,29,FW,striker,34.0,2980.0,13.0,8.0,0.3926,0.2416,1.0,2.6,79.1,0.4,7.15,1.2,0.5,0.6,0.6,0.6,0.1,1.5,1.3,1.5,20.6,0.8,0.6,0.1,9.7,3.3,0.11,England,Right Winger,18,40000000.0,winger,0,1,0,0,0,0,0,english,0,0,1,0,0,0,0,0,0,0
Omar Marmoush,Man City,27,FW,striker,16.0,1183.0,7.0,0.0,0.5325,0.0,0.0,3.1,84.3,0.3,7.13,0.0,0.0,0.0,0.0,0.0,0.0,0.0,0.0,0.0,0.0,0.0,0.0,0.0,0.0,0.0,0.0,Egypt,Centre-Forward,18,75000000.0,striker,1,0,0,0,0,0,0,african,0,0,0,0,0,0,0,1,0,0
Brandon Austin,Tottenham,27,GK,goalkeeper,1.0,90.0,0.0,0.0,0.0,0.0,0.0,0.0,66.7,4.0,7.11,0.0,0.0,0.0,0.0,0.0,0.0,0.0,0.0,0.0,0.0,0.0,0.0,0.0,0.0,0.0,0.0,England,Goalkeeper,18,600000.0,goalkeeper,0,0,0,0,0,0,1,english,0,0,1,0,0,0,0,0,0,0
Daniel Muñoz,Crystal Palace,29,M(R),winger,37.0,3233.0,4.0,5.0,0.1114,0.1392,10.0,1.0,75.1,1.6,7.11,3.3,1.2,1.5,2.5,1.1,0.2,1.2,0.6,0.5,30.7,0.5,0.8,0.0,5.4,-1.4,0.15,Colombia,Right-Back,18,25000000.0,fullback,0,0,0,0,0,1,0,south_american_other,0,0,0,0,0,0,0,0,0,1
Jérémy Doku,Man City,23,M(CLR),central_mid,29.0,1515.0,3.0,6.0,0.1782,0.3564,1.0,1.0,84.4,0.0,7.11,1.1,0.1,0.3,0.1,0.2,0.0,1.1,3.7,1.1,24.1,0.4,0.2,0.1,1.68,1.32,0.06,Belgium,Left Winger,18,50000000.0,winger,0,1,0,0,0,0,0,other_europe,0,0,0,0,0,0,0,0,0,0
Antonín Kinsky,Tottenham,23,GK,goalkeeper,6.0,540.0,0.0,0.0,0.0,0.0,0.0,0.0,72.6,0.3,7.1,0.0,0.0,0.0,0.0,0.0,0.0,0.0,0.0,0.0,0.0,0.0,0.0,0.0,0.0,0.0,0.0,Czech Republic,Goalkeeper,18,15000000.0,goalkeeper,0,0,0,0,0,0,1,other_europe,0,0,0,0,0,0,0,0,0,0
James Tarkowski,Everton,33,D(C),centre_back,33.0,2924.0,1.0,1.0,0.0308,0.0308,6.0,0.5,81.6,3.1,7.09,1.9,1.2,1.1,6.3,0.5,1.3,0.5,0.2,0.8,38.7,0.0,3.9,0.1,1.41,-0.41,0.09,England,Centre-Back,18,9000000.0,centre_back,0,0,0,0,0,0,0,english,0,0,1,0,0,0,0,0,0,0
Declan Rice,Arsenal,27,DMC,cdm,35.0,2833.0,4.0,7.0,0.1271,0.2224,5.0,1.4,89.8,1.1,7.09,1.5,0.7,0.6,1.4,0.7,0.4,1.7,0.4,0.5,42.2,1.3,1.7,0.0,3.65,0.35,0.08,England,Central Midfield,18,120000000.0,central_mid,0,0,0,1,0,0,0,english,0,0,1,0,0,0,0,0,0,0
Eberechi Eze,Crystal Palace,27,AM(CLR),attacking_mid,34.0,2604.0,8.0,8.0,0.2765,0.2765,1.0,3.0,81.5,0.2,7.09,1.1,0.3,0.4,0.2,0.6,0.0,1.7,2.0,1.5,26.9,0.9,1.1,0.1,10.45,-2.45,0.1,England,Attacking Midfield,18,55000000.0,attacking_mid,0,0,1,0,0,0,0,english,0,0,1,0,0,0,0,0,0,0
Alexis Mac Allister,Liverpool,27,FW,striker,35.0,2608.0,5.0,5.0,0.1725,0.1725,6.0,1.1,87.2,0.5,7.08,2.7,0.6,1.8,0.8,1.4,0.2,1.3,0.5,1.1,40.7,0.6,1.4,0.1,3.19,1.81,0.08,Argentina,Central Midfield,18,100000000.0,central_mid,0,0,0,1,0,0,0,argentinian,0,0,0,0,0,1,0,0,0,0
Youri Tielemans,Aston Villa,28,M(C),central_mid,36.0,3033.0,3.0,7.0,0.089,0.2077,4.0,1.1,86.0,0.7,7.08,2.3,0.6,1.1,1.3,0.9,0.4,1.7,0.9,1.6,53.7,0.8,2.3,0.3,3.74,-0.74,0.09,Belgium,Central Midfield,18,38000000.0,central_mid,0,0,0,1,0,0,0,other_europe,0,0,0,0,0,0,0,0,0,0
Virgil van Dijk,Liverpool,34,D(C),centre_back,37.0,3330.0,3.0,1.0,0.0811,0.027,5.0,0.7,91.7,3.2,7.07,1.0,1.5,0.5,5.1,0.2,0.4,0.3,0.1,0.4,79.0,0.0,4.2,0.0,2.66,0.34,0.1,Netherlands,Centre-Back,18,23000000.0,centre_back,0,0,0,0,0,0,0,other_europe,0,0,0,0,0,0,0,0,0,0
Aaron Wan-Bissaka,West Ham,28,M(R),winger,36.0,3155.0,2.0,5.0,0.0571,0.1426,1.0,0.4,82.8,0.6,7.07,1.9,1.8,0.7,3.1,0.3,0.3,0.9,1.8,0.8,41.8,0.4,0.8,0.1,1.13,0.87,0.07,DR Congo,Right-Back,18,24000000.0,fullback,0,0,0,0,0,1,0,other_europe,0,0,0,0,0,0,0,0,0,0
Antonee Robinson,Fulham,28,M(L),winger,36.0,3167.0,0.0,10.0,0.0,0.2842,8.0,0.4,81.0,1.4,7.07,2.6,1.7,0.9,3.4,1.4,0.3,1.2,1.1,0.6,45.2,1.2,1.9,0.0,0.95,-0.95,0.06,United States,Left-Back,18,35000000.0,fullback,0,0,0,0,0,1,0,other_europe,0,0,0,0,0,0,0,0,0,0
Trent Alexander-Arnold,Liverpool,27,M(R),winger,33.0,2378.0,3.0,6.0,0.1135,0.2271,5.0,1.4,77.7,0.1,7.06,2.2,0.9,0.3,1.5,1.7,0.3,1.6,0.5,0.3,49.0,1.2,3.8,0.2,2.04,0.96,0.05,England,Right-Back,18,75000000.0,fullback,0,0,0,0,0,1,0,english,0,0,1,0,0,0,0,0,0,0
Neto,Bournemouth,36,GK,goalkeeper,2.0,180.0,0.0,0.0,0.0,0.0,0.0,0.0,61.1,0.0,7.03,0.0,0.0,0.0,0.0,0.0,0.0,0.0,0.0,0.0,0.0,0.0,0.0,0.0,0.0,0.0,0.0,Brazil,Goalkeeper,18,1500000.0,goalkeeper,0,0,0,0,0,0,1,brazilian,1,0,0,0,0,0,0,0,0,0
Moisés Caicedo,Chelsea,24,DMC,cdm,38.0,3356.0,1.0,2.0,0.0268,0.0536,11.0,0.5,90.2,0.9,7.02,3.0,1.3,1.8,1.4,0.8,0.3,0.8,0.8,1.5,56.7,0.1,2.5,0.1,0.88,0.12,0.04,Ecuador,Defensive Midfield,18,90000000.0,cdm,0,0,0,0,1,0,0,south_american_other,0,0,0,0,0,0,0,0,0,1
Mikkel Damsgaard,Brentford,25,AM(CL),attacking_mid,38.0,2930.0,2.0,10.0,0.0614,0.3072,2.0,0.9,77.6,0.3,7.01,2.2,0.7,0.5,0.8,1.3,0.1,1.7,1.3,0.7,36.0,0.9,1.6,0.3,3.11,-1.11,0.09,Denmark,Attacking Midfield,18,28000000.0,attacking_mid,0,0,1,0,0,0,0,other_europe,0,0,0,0,0,0,0,0,0,0
Jacob Murphy,Newcastle,31,M(LR),winger,35.0,2380.0,8.0,12.0,0.3025,0.4538,4.0,1.2,75.5,0.1,7.01,0.8,0.4,0.3,0.8,0.7,0.0,1.2,1.0,0.4,24.1,0.6,0.7,0.1,6.17,1.83,0.14,England,Right Winger,18,16000000.0,winger,0,1,0,0,0,0,0,english,0,0,1,0,0,0,0,0,0,0
Yoane Wissa,Brentford,29,FW,striker,35.0,2930.0,19.0,4.0,0.5836,0.1229,5.0,2.6,79.6,0.9,7.0,0.6,0.2,1.0,0.5,0.5,0.2,0.8,0.4,1.5,16.1,0.0,0.4,0.0,20.19,-1.19,0.22,DR Congo,Centre-Forward,18,32000000.0,striker,1,0,0,0,0,0,0,other_europe,0,0,0,0,0,0,0,0,0,0
Son Heung-Min,Tottenham,33,FW,striker,30.0,2118.0,7.0,9.0,0.2975,0.3824,1.0,1.9,84.0,0.2,7.0,0.6,0.2,0.2,0.5,0.7,0.0,1.7,1.0,0.9,27.8,0.6,0.5,0.1,8.41,-1.41,0.15,"Korea, South",Left Winger,18,20000000.0,winger,0,1,0,0,0,0,0,other_europe,0,0,0,0,0,0,0,0,0,0
Josko Gvardiol,Man City,24,D(CL),centre_back,37.0,3280.0,5.0,0.0,0.1372,0.0,2.0,1.1,91.4,1.5,7.0,1.6,1.2,0.4,3.0,0.5,0.5,0.7,0.7,0.7,68.3,0.1,1.8,0.1,5.01,-0.01,0.13,Croatia,Centre-Back,18,75000000.0,centre_back,0,0,0,0,0,0,0,other_europe,0,0,0,0,0,0,0,0,0,0
Kai Havertz,Arsenal,26,FW,striker,23.0,1875.0,9.0,3.0,0.432,0.144,5.0,2.3,79.8,2.8,7.0,0.7,0.3,1.7,1.4,0.5,0.2,0.7,0.4,1.0,21.8,0.1,0.0,0.0,11.81,-2.81,0.22,Germany,Centre-Forward,18,65000000.0,striker,1,0,0,0,0,0,0,german,0,0,0,0,1,0,0,0,0,0
Mark Flekken,Brentford,32,GK,goalkeeper,37.0,3276.0,0.0,2.0,0.0,0.0549,1.0,0.0,71.8,0.1,6.99,0.1,0.0,0.0,1.2,0.2,0.0,0.1,0.0,0.1,42.9,0.0,9.1,0.0,0.0,0.0,0.0,Netherlands,Goalkeeper,18,10000000.0,goalkeeper,0,0,0,0,0,0,1,other_europe,0,0,0,0,0,0,0,0,0,0
Iliman Ndiaye,Everton,26,FW,striker,33.0,2441.0,9.0,0.0,0.3318,0.0,3.0,1.1,84.9,0.2,6.99,1.6,0.6,0.7,0.5,0.8,0.2,0.5,2.1,1.6,20.9,0.3,0.5,0.0,6.55,2.45,0.18,Senegal,Right Winger,18,22000000.0,winger,0,1,0,0,0,0,0,african,0,0,0,0,0,0,0,1,0,0
James Maddison,Tottenham,29,AM(CLR),attacking_mid,31.0,1818.0,9.0,7.0,0.4455,0.3465,6.0,1.3,86.7,0.2,6.98,1.0,0.4,1.0,0.5,0.6,0.1,1.3,1.1,2.1,37.0,0.7,1.3,0.2,6.33,2.67,0.16,England,Attacking Midfield,18,42000000.0,attacking_mid,0,0,1,0,0,0,0,english,0,0,1,0,0,0,0,0,0,0
Bruno Guimarães,Newcastle,28,DMC,cdm,38.0,3286.0,5.0,6.0,0.1369,0.1643,7.0,1.2,83.7,0.5,6.98,2.2,0.8,1.7,1.1,0.9,0.3,1.4,0.9,2.8,46.3,0.2,2.3,0.3,4.43,0.57,0.1,Brazil,Central Midfield,18,80000000.0,central_mid,0,0,0,1,0,0,0,brazilian,1,0,0,0,0,0,0,0,0,0
Kevin De Bruyne,Man City,34,FW,striker,28.0,1707.0,4.0,7.0,0.2109,0.3691,2.0,2.0,83.0,0.2,6.97,0.6,0.3,0.6,0.3,0.6,0.0,2.0,0.5,0.6,36.7,1.4,1.3,0.3,5.44,-1.44,0.1,Belgium,Attacking Midfield,18,20000000.0,attacking_mid,0,0,1,0,0,0,0,other_europe,0,0,0,0,0,0,0,0,0,0
Mateo Kovacic,Man City,31,M(CL),central_mid,31.0,2205.0,6.0,2.0,0.2449,0.0816,5.0,1.5,92.8,0.3,6.97,2.2,0.8,0.8,0.7,1.1,0.0,1.1,0.7,0.8,60.6,0.0,1.4,0.2,2.08,3.92,0.05,Croatia,Central Midfield,18,20000000.0,central_mid,0,0,0,1,0,0,0,other_europe,0,0,0,0,0,0,0,0,0,0
Pedro Porro,Tottenham,26,M(R),winger,33.0,2609.0,2.0,6.0,0.069,0.207,5.0,1.2,76.0,0.4,6.95,2.0,1.1,0.8,2.2,1.0,0.5,1.7,0.4,1.0,43.6,1.8,2.5,0.0,1.61,0.39,0.04,Spain,Right-Back,18,38000000.0,fullback,0,0,0,0,0,1,0,spanish,0,0,0,1,0,0,0,0,0,0
Christian Nørgaard,Brentford,32,DMC,cdm,34.0,2831.0,5.0,4.0,0.159,0.1272,8.0,1.1,82.7,1.5,6.95,2.3,1.4,1.3,1.9,1.0,0.6,0.5,0.2,0.8,41.0,0.1,1.9,0.0,5.73,-0.73,0.15,Denmark,Defensive Midfield,18,11000000.0,cdm,0,0,0,0,1,0,0,other_europe,0,0,0,0,0,0,0,0,0,0
Rayan Aït-Nouri,Wolves,24,M(L),winger,37.0,3129.0,4.0,7.0,0.1151,0.2013,5.0,1.0,86.7,0.6,6.95,2.4,0.7,0.8,1.8,0.7,0.2,1.2,1.7,1.2,37.2,0.7,0.6,0.1,3.58,0.42,0.1,Algeria,Left-Back,18,35000000.0,fullback,0,0,0,0,0,1,0,african,0,0,0,0,0,0,0,1,0,0
Enzo Fernández,Chelsea,25,M(C),central_mid,36.0,2948.0,6.0,7.0,0.1832,0.2137,8.0,1.5,83.7,0.4,6.95,1.8,0.4,1.4,0.6,1.5,0.2,2.2,0.7,1.5,49.4,0.7,2.8,0.2,6.13,-0.13,0.12,Argentina,Central Midfield,18,75000000.0,central_mid,0,0,0,1,0,0,0,argentinian,0,0,0,0,0,1,0,0,0,0
Ryan Gravenberch,Liverpool,23,DMC,cdm,37.0,3169.0,0.0,4.0,0.0,0.1136,6.0,0.5,89.5,0.7,6.94,1.9,1.6,1.3,1.5,0.6,0.3,0.7,1.0,1.4,51.5,0.1,1.1,0.2,1.42,-1.42,0.07,Netherlands,Defensive Midfield,18,75000000.0,cdm,0,0,0,0,1,0,0,other_europe,0,0,0,0,0,0,0,0,0,0
Alex Iwobi,Fulham,29,M(CLR),central_mid,38.0,2999.0,9.0,6.0,0.2701,0.1801,1.0,1.8,80.0,0.2,6.94,1.2,0.4,0.5,0.7,0.3,0.0,1.6,1.3,0.5,36.2,0.7,1.5,0.2,5.13,3.87,0.08,Nigeria,Left Winger,18,28000000.0,winger,0,1,0,0,0,0,0,african,0,0,0,0,0,0,0,1,0,0
Dango Ouattara,Bournemouth,24,FW,striker,32.0,2009.0,7.0,4.0,0.3136,0.1792,3.0,1.9,65.9,1.4,6.94,1.1,0.3,0.5,1.5,0.8,0.3,1.1,1.2,0.6,15.5,0.5,0.3,0.0,10.29,-3.29,0.17,Burkina Faso,Right Winger,18,28000000.0,winger,0,1,0,0,0,0,0,african,0,0,0,0,0,0,0,1,0,0
Lewis Hall,Newcastle,21,M(L),winger,27.0,2193.0,0.0,4.0,0.0,0.1642,3.0,0.4,85.4,1.1,6.93,2.1,0.7,0.3,1.9,1.3,0.7,1.3,0.4,0.8,48.6,1.2,2.1,0.0,0.47,-0.47,0.04,England,Left-Back,18,32000000.0,fullback,0,0,0,0,0,1,0,english,0,0,1,0,0,0,0,0,0,0
Nathan Collins,Brentford,24,D(CR),centre_back,38.0,3420.0,2.0,3.0,0.0526,0.0789,5.0,0.4,86.3,3.1,6.93,1.1,0.9,0.8,5.8,0.4,1.5,0.3,0.2,0.8,51.6,0.1,2.1,0.1,3.15,-1.15,0.19,Ireland,Centre-Back,18,28000000.0,centre_back,0,0,0,0,0,0,0,other_europe,0,0,0,0,0,0,0,0,0,0
Dean Huijsen,Bournemouth,20,D(C),centre_back,32.0,2422.0,3.0,2.0,0.1115,0.0743,10.0,0.6,84.2,2.1,6.93,1.1,1.6,1.0,6.1,0.3,0.9,0.5,0.1,0.3,50.0,0.1,4.0,0.0,1.94,1.06,0.11,Spain,Centre-Back,18,60000000.0,centre_back,0,0,0,0,0,0,0,spanish,0,0,0,1,0,0,0,0,0,0
Joelinton,Newcastle,29,FW,striker,29.0,2405.0,4.0,3.0,0.1497,0.1123,10.0,1.6,83.8,2.0,6.93,2.0,0.8,2.0,1.6,0.7,0.2,0.8,0.5,1.2,34.8,0.1,0.6,0.2,4.61,-0.61,0.1,Brazil,Central Midfield,18,35000000.0,central_mid,0,0,0,1,0,0,0,brazilian,1,0,0,0,0,0,0,0,0,0
Thomas Partey,Arsenal,32,M(CR),central_mid,35.0,2799.0,4.0,2.0,0.1286,0.0643,4.0,0.7,88.6,0.8,6.93,2.5,1.0,1.3,1.3,0.9,0.3,0.6,0.7,0.9,52.6,0.1,1.7,0.1,2.86,1.14,0.11,Ghana,Defensive Midfield,18,14000000.0,cdm,0,0,0,0,1,0,0,african,0,0,0,0,0,0,0,1,0,0
Morgan Rogers,Aston Villa,23,FW,striker,37.0,3131.0,8.0,10.0,0.23,0.2874,10.0,1.5,75.3,0.4,6.92,1.2,0.2,1.4,0.5,0.6,0.2,1.4,1.8,1.4,23.4,0.1,0.8,0.3,8.06,-0.06,0.15,England,Attacking Midfield,18,55000000.0,attacking_mid,0,0,1,0,0,0,0,english,0,0,1,0,0,0,0,0,0,0
Kaoru Mitoma,Brighton,28,M(L),winger,36.0,2612.0,10.0,4.0,0.3446,0.1378,1.0,1.6,80.8,0.8,6.92,1.3,0.4,1.1,0.2,0.8,0.1,1.0,1.4,0.7,24.7,0.3,0.4,0.1,10.66,-0.66,0.19,Japan,Left Winger,18,40000000.0,winger,0,1,0,0,0,0,0,asian,0,0,0,0,0,0,0,0,1,0
Ryan Christie,Bournemouth,31,FW,striker,29.0,2131.0,2.0,3.0,0.0845,0.1267,9.0,1.1,82.1,0.8,6.92,1.9,1.0,1.5,1.7,1.3,0.4,1.4,0.8,1.1,34.4,0.5,1.9,0.1,1.83,0.17,0.06,Scotland,Central Midfield,18,10000000.0,central_mid,0,0,0,1,0,0,0,other_europe,0,0,0,0,0,0,0,0,0,0
Trevoh Chalobah,Crystal Palace,26,DMC,cdm,12.0,1063.0,3.0,0.0,0.254,0.0,1.0,0.9,79.8,1.8,6.92,0.0,0.0,0.0,0.0,0.0,0.0,0.0,0.0,0.0,0.0,0.0,0.0,0.0,0.0,0.0,0.0,England,Centre-Back,18,25000000.0,centre_back,0,0,0,0,0,0,0,english,0,0,1,0,0,0,0,0,0,0
Jason Steele,Brighton,35,GK,goalkeeper,2.0,180.0,0.0,0.0,0.0,0.0,0.0,0.0,89.5,0.5,6.92,0.0,0.0,0.0,0.0,0.0,0.0,0.0,0.0,0.0,0.0,0.0,0.0,0.0,0.0,0.0,0.0,England,Goalkeeper,18,1500000.0,goalkeeper,0,0,0,0,0,0,1,english,0,0,1,0,0,0,0,0,0,0
Savinho,Man City,21,AM(CLR),attacking_mid,29.0,1773.0,1.0,8.0,0.0508,0.4061,3.0,1.9,87.3,0.0,6.91,0.8,0.2,0.6,0.3,0.3,0.1,1.6,1.8,1.0,26.3,0.6,0.7,0.1,5.3,-4.3,0.1,Brazil,Left Winger,18,50000000.0,winger,0,1,0,0,0,0,0,brazilian,1,0,0,0,0,0,0,0,0,0
Bernardo Silva,Man City,31,FW,striker,33.0,2668.0,4.0,4.0,0.1349,0.1349,7.0,1.0,89.0,0.2,6.91,1.7,0.7,0.8,0.9,0.9,0.2,1.6,0.8,1.0,50.8,0.4,1.4,0.1,4.29,-0.29,0.13,Portugal,Attacking Midfield,18,38000000.0,attacking_mid,0,0,1,0,0,0,0,portuguese,0,0,0,0,0,0,1,0,0,0
Gabriel Magalhães,Arsenal,28,D(C),centre_back,28.0,2366.0,3.0,1.0,0.1141,0.038,4.0,0.8,90.7,2.0,6.91,0.9,0.6,0.7,3.2,0.1,1.0,0.5,0.1,0.7,58.1,0.0,2.0,0.0,3.69,-0.69,0.17,other_europe,D(C),18,75000000.0,centre_back,0,0,0,0,0,0,0,other_europe,0,0,0,0,0,0,0,0,0,0
Dwight McNeil,Everton,26,M(CLR),central_mid,21.0,1371.0,4.0,6.0,0.2626,0.3939,1.0,1.2,82.6,0.1,6.91,0.6,0.3,0.3,0.1,0.6,0.0,1.8,1.1,0.9,24.0,1.9,0.8,0.3,1.3,2.7,0.05,England,Left Winger,18,25000000.0,winger,0,1,0,0,0,0,0,english,0,0,1,0,0,0,0,0,0,0
Martin Ødegaard,Arsenal,27,AM(CR),attacking_mid,30.0,2332.0,3.0,8.0,0.1158,0.3087,4.0,1.6,86.9,0.3,6.9,0.6,0.2,0.4,0.2,0.7,0.0,2.1,0.8,0.8,46.3,0.6,1.3,0.5,5.65,-2.65,0.12,Norway,Attacking Midfield,18,85000000.0,attacking_mid,0,0,1,0,0,0,0,other_europe,0,0,0,0,0,0,0,0,0,0
Mohammed Kudus,West Ham,25,FW,striker,32.0,2604.0,5.0,3.0,0.1728,0.1037,2.0,2.3,89.9,0.3,6.89,1.2,0.1,1.2,0.3,0.5,0.0,1.0,2.9,2.0,24.0,0.7,1.1,0.1,8.15,-3.15,0.11,Ghana,Right Winger,18,45000000.0,winger,0,1,0,0,0,0,0,african,0,0,0,0,0,0,0,1,0,0
João Pedro,Brighton,24,FW,striker,27.0,1955.0,10.0,6.0,0.4604,0.2762,4.0,1.7,74.6,1.6,6.89,0.6,0.3,1.0,0.4,0.3,0.0,1.1,1.1,1.7,23.2,0.2,0.5,0.1,10.26,-0.26,0.22,Brazil,Centre-Forward,18,50000000.0,striker,1,0,0,0,0,0,0,brazilian,1,0,0,0,0,0,0,0,0,0
Dominik Szoboszlai,Liverpool,25,FW,striker,36.0,2496.0,6.0,6.0,0.2163,0.2163,6.0,1.9,85.8,0.5,6.89,1.1,0.3,1.2,0.4,0.8,0.1,1.6,0.6,0.7,34.5,0.4,1.5,0.1,6.87,-0.87,0.1,Hungary,Attacking Midfield,18,80000000.0,attacking_mid,0,0,1,0,0,0,0,other_europe,0,0,0,0,0,0,0,0,0,0
Kevin Schade,Brentford,24,FW,striker,38.0,2301.0,11.0,2.0,0.4302,0.0782,3.0,1.4,64.3,2.4,6.89,1.0,0.1,0.6,0.8,0.3,0.1,0.6,0.8,1.0,11.8,0.1,0.2,0.0,9.23,1.77,0.17,Germany,Left Winger,18,30000000.0,winger,0,1,0,0,0,0,0,german,0,0,0,0,1,0,0,0,0,0
Maxence Lacroix,Crystal Palace,25,D(C),centre_back,35.0,3119.0,1.0,1.0,0.0289,0.0289,5.0,0.9,81.9,1.7,6.88,1.9,1.5,1.0,5.8,0.4,0.6,0.2,0.2,0.5,41.9,0.1,3.1,0.0,3.66,-2.66,0.12,France,Centre-Back,18,25000000.0,centre_back,0,0,0,0,0,0,0,french,0,1,0,0,0,0,0,0,0,0
Carlos Baleba,Brighton,22,DMC,cdm,34.0,2674.0,3.0,1.0,0.101,0.0337,6.0,1.3,87.9,1.1,6.88,2.3,1.4,1.2,1.3,0.9,0.3,0.6,1.0,1.4,38.2,0.1,1.9,0.1,2.93,0.07,0.07,Cameroon,Defensive Midfield,18,40000000.0,cdm,0,0,0,0,1,0,0,african,0,0,0,0,0,0,0,1,0,0
Emmanuel Agbadou,Wolves,28,DMC,cdm,16.0,1411.0,1.0,0.0,0.0638,0.0,3.0,0.4,85.8,1.6,6.88,0.0,0.0,0.0,0.0,0.0,0.0,0.0,0.0,0.0,0.0,0.0,0.0,0.0,0.0,0.0,0.0,Cote d'Ivoire,Centre-Back,18,20000000.0,centre_back,0,0,0,0,0,0,0,other_europe,0,0,0,0,0,0,0,0,0,0
Nicolas Jackson,Chelsea,24,FW,striker,30.0,2241.0,10.0,5.0,0.4016,0.2008,7.0,2.5,76.7,0.7,6.88,0.7,0.1,1.2,0.5,0.2,0.1,0.9,0.6,1.0,13.0,0.0,0.2,0.0,13.25,-3.25,0.17,Senegal,Centre-Forward,18,50000000.0,striker,1,0,0,0,0,0,0,african,0,0,0,0,0,0,0,1,0,0
Pervis Estupiñán,Brighton,28,M(L),winger,30.0,2403.0,1.0,1.0,0.0375,0.0375,5.0,0.9,88.3,1.5,6.86,2.2,1.2,1.2,1.9,0.6,0.2,0.9,0.6,0.7,43.6,1.4,0.9,0.0,1.27,-0.27,0.05,Ecuador,Left-Back,18,30000000.0,fullback,0,0,0,0,0,1,0,south_american_other,0,0,0,0,0,0,0,0,0,1
Justin Kluivert,Bournemouth,26,FW,striker,34.0,2360.0,12.0,6.0,0.4576,0.2288,8.0,1.9,81.0,0.2,6.86,0.7,0.4,1.4,0.7,0.5,0.0,1.3,1.1,1.0,20.0,0.6,0.7,0.1,10.36,1.64,0.16,Netherlands,Attacking Midfield,18,35000000.0,attacking_mid,0,0,1,0,0,0,0,other_europe,0,0,0,0,0,0,0,0,0,0
Lisandro Martínez,Man Utd,28,DMC,cdm,20.0,1754.0,2.0,1.0,0.1026,0.0513,7.0,0.9,90.0,0.8,6.86,2.0,1.6,1.1,2.7,0.8,0.4,0.5,0.3,0.4,65.7,0.2,2.2,0.2,1.4,0.6,0.08,Argentina,Centre-Back,18,40000000.0,centre_back,0,0,0,0,0,0,0,argentinian,0,0,0,0,0,1,0,0,0,0
Leandro Trossard,Arsenal,31,FW,striker,38.0,2560.0,8.0,7.0,0.2812,0.2461,2.0,1.9,80.5,0.2,6.86,0.8,0.2,0.7,0.4,0.6,0.0,1.1,1.0,1.2,22.4,0.4,0.7,0.1,8.24,-0.24,0.11,Belgium,Left Winger,18,22000000.0,winger,0,1,0,0,0,0,0,other_europe,0,0,0,0,0,0,0,0,0,0
Cody Gakpo,Liverpool,26,FW,striker,35.0,1939.0,10.0,4.0,0.4642,0.1857,5.0,1.6,83.7,0.5,6.86,0.8,0.3,0.6,0.5,0.3,0.1,1.1,0.9,0.9,15.6,0.3,0.4,0.1,7.81,2.19,0.14,Netherlands,Left Winger,18,70000000.0,winger,0,1,0,0,0,0,0,other_europe,0,0,0,0,0,0,0,0,0,0
Jordan Pickford,Everton,32,GK,goalkeeper,38.0,3420.0,0.0,1.0,0.0,0.0263,7.0,0.0,63.1,0.2,6.85,0.0,0.0,0.0,1.4,0.0,0.0,0.1,0.0,0.2,37.5,0.0,9.6,0.0,0.0,0.0,0.0,England,Goalkeeper,18,18000000.0,goalkeeper,0,0,0,0,0,0,1,english,0,0,1,0,0,0,0,0,0,0
Martin Dúbravka,Newcastle,37,GK,goalkeeper,10.0,900.0,0.0,0.0,0.0,0.0,0.0,0.0,75.9,0.4,6.85,0.0,0.0,0.0,0.0,0.0,0.0,0.0,0.0,0.0,0.0,0.0,0.0,0.0,0.0,0.0,0.0,Slovakia,Goalkeeper,18,1000000.0,goalkeeper,0,0,0,0,0,0,1,other_europe,0,0,0,0,0,0,0,0,0,0
Casemiro,Man Utd,34,DMC,cdm,24.0,1499.0,1.0,0.0,0.06,0.0,5.0,1.3,80.2,1.6,6.84,3.5,0.6,0.8,2.0,1.2,0.4,0.9,0.1,0.8,40.0,0.3,2.0,0.1,2.36,-1.36,0.07,Brazil,Defensive Midfield,18,10000000.0,cdm,0,0,0,0,1,0,0,brazilian,1,0,0,0,0,0,0,0,0,0
Dominic Solanke,Tottenham,28,FW,striker,27.0,2205.0,9.0,3.0,0.3673,0.1224,0.0,2.2,71.4,1.7,6.84,0.7,0.0,1.3,0.9,0.4,0.3,0.5,0.6,1.3,13.1,0.0,0.4,0.0,11.55,-2.55,0.19,England,Centre-Forward,18,40000000.0,striker,1,0,0,0,0,0,0,english,0,0,1,0,0,0,0,0,0,0
Marcus Tavernier,Bournemouth,26,M(CLR),central_mid,29.0,1940.0,3.0,5.0,0.1392,0.232,6.0,2.0,80.3,0.9,6.84,1.5,0.2,1.2,0.3,0.6,0.1,1.5,1.0,1.0,27.3,0.9,1.0,0.1,6.35,-3.35,0.11,England,Attacking Midfield,18,18000000.0,attacking_mid,0,0,1,0,0,0,0,english,0,0,1,0,0,0,0,0,0,0
Ibrahima Konaté,Liverpool,26,D(C),centre_back,31.0,2567.0,1.0,2.0,0.0351,0.0701,5.0,0.6,90.3,2.4,6.84,1.3,0.5,0.9,4.0,0.3,0.5,0.3,0.1,0.6,61.2,0.0,1.5,0.0,2.33,-1.33,0.12,France,Centre-Back,18,60000000.0,centre_back,0,0,0,0,0,0,0,french,0,1,0,0,0,0,0,0,0,0
Yankuba Minteh,Brighton,21,AM(LR),winger,32.0,1846.0,6.0,4.0,0.2925,0.195,6.0,1.1,68.7,0.6,6.84,1.5,0.3,0.7,0.9,0.9,0.0,0.9,1.4,0.3,13.9,0.7,0.4,0.1,5.62,0.38,0.17,The Gambia,Right Winger,18,30000000.0,winger,0,1,0,0,0,0,0,other_europe,0,0,0,0,0,0,0,0,0,0
Anthony Gordon,Newcastle,25,FW,striker,34.0,2447.0,6.0,5.0,0.2207,0.1839,2.0,1.7,81.0,0.2,6.84,0.9,0.2,0.6,0.1,0.7,0.1,1.5,1.1,2.1,23.8,0.9,0.6,0.1,8.59,-2.59,0.15,England,Left Winger,18,65000000.0,winger,0,1,0,0,0,0,0,english,0,0,1,0,0,0,0,0,0,0
Dan Burn,Newcastle,33,M(L),winger,37.0,3330.0,1.0,1.0,0.027,0.027,11.0,0.6,88.6,4.0,6.84,1.1,0.7,0.9,5.2,0.4,0.7,0.2,0.1,0.3,53.9,0.0,1.6,0.0,2.97,-1.97,0.13,England,Centre-Back,18,6000000.0,centre_back,0,0,0,0,0,0,0,english,0,0,1,0,0,0,0,0,0,0
Vitalii Mykolenko,Everton,26,M(L),winger,35.0,3084.0,1.0,2.0,0.0292,0.0584,4.0,0.4,78.6,1.4,6.83,1.8,1.3,0.6,3.9,0.8,0.3,0.7,0.2,1.0,27.8,0.8,1.4,0.0,0.64,0.36,0.05,Ukraine,Left-Back,18,28000000.0,fullback,0,0,0,0,0,1,0,other_europe,0,0,0,0,0,0,0,0,0,0
Dejan Kulusevski,Tottenham,25,FW,striker,32.0,2392.0,7.0,4.0,0.2634,0.1505,3.0,1.5,81.2,0.3,6.83,1.4,0.4,1.5,0.3,1.0,0.2,2.0,1.2,1.2,24.7,0.4,0.4,0.1,5.4,1.6,0.11,Sweden,Attacking Midfield,18,50000000.0,attacking_mid,0,0,1,0,0,0,0,other_europe,0,0,0,0,0,0,0,0,0,0
Diogo Dalot,Man Utd,27,M(LR),winger,33.0,2814.0,0.0,3.0,0.0,0.0959,5.0,0.8,83.8,1.2,6.83,2.1,1.1,1.2,1.9,0.5,0.3,0.8,0.8,0.3,41.6,0.4,1.7,0.1,1.84,-1.84,0.07,Portugal,Right-Back,18,30000000.0,fullback,0,0,0,0,0,1,0,portuguese,0,0,0,0,0,0,1,0,0,0
Sandro Tonali,Newcastle,25,DMC,cdm,36.0,2632.0,4.0,2.0,0.1368,0.0684,5.0,1.0,85.9,0.3,6.83,1.4,0.9,1.0,0.8,0.7,0.3,0.8,0.6,1.4,40.6,0.4,1.4,0.1,4.47,-0.47,0.13,Italy,Defensive Midfield,18,60000000.0,cdm,0,0,0,0,1,0,0,other_europe,0,0,0,0,0,0,0,0,0,0
Gabriel Martinelli,Arsenal,24,FW,striker,33.0,2302.0,8.0,4.0,0.3128,0.1564,1.0,1.7,79.0,0.5,6.83,0.7,0.2,0.5,0.5,0.5,0.0,1.2,1.0,0.6,17.9,0.7,0.3,0.1,7.99,0.01,0.15,Brazil,Left Winger,18,55000000.0,winger,0,1,0,0,0,0,0,brazilian,1,0,0,0,0,0,0,0,0,0
Noni Madueke,Chelsea,24,FW,striker,32.0,2049.0,7.0,3.0,0.3075,0.1318,3.0,2.5,83.6,0.3,6.82,0.8,0.3,0.7,0.3,0.8,0.0,1.0,1.4,0.8,18.7,0.3,0.4,0.0,10.75,-3.75,0.13,England,Right Winger,18,40000000.0,winger,0,1,0,0,0,0,0,english,0,0,1,0,0,0,0,0,0,0
Idrissa Gueye,Everton,36,M(C),central_mid,37.0,3070.0,0.0,3.0,0.0,0.0879,9.0,0.7,87.1,0.7,6.82,3.6,1.3,1.5,0.9,1.1,0.2,0.5,0.5,1.2,37.9,0.1,2.1,0.0,1.1,-1.1,0.04,Senegal,Defensive Midfield,18,1500000.0,cdm,0,0,0,0,1,0,0,african,0,0,0,0,0,0,0,1,0,0
Raúl Jiménez,Fulham,34,FW,striker,38.0,2506.0,12.0,3.0,0.431,0.1077,4.0,2.5,73.0,2.4,6.82,0.9,0.3,1.0,0.6,0.4,0.1,0.6,0.6,1.1,16.2,0.1,0.6,0.1,14.78,-2.78,0.15,Mexico,Centre-Forward,18,5000000.0,striker,1,0,0,0,0,0,0,other_europe,0,0,0,0,0,0,0,0,0,0
Kenny Tete,Fulham,30,M(R),winger,22.0,1779.0,0.0,2.0,0.0,0.1012,5.0,1.1,82.9,1.2,6.82,2.5,1.5,1.6,2.8,0.7,0.5,0.4,0.4,0.7,34.9,0.5,1.4,0.0,1.7,-1.7,0.07,Netherlands,Right-Back,18,13000000.0,fullback,0,0,0,0,0,1,0,other_europe,0,0,0,0,0,0,0,0,0,0
Marcus Rashford,Aston Villa,28,FW,striker,10.0,443.0,2.0,2.0,0.4063,0.4063,0.0,1.9,82.1,0.1,6.82,0.0,0.0,0.0,0.0,0.0,0.0,0.0,0.0,0.0,0.0,0.0,0.0,0.0,0.0,0.0,0.0,England,Left Winger,18,50000000.0,winger,0,1,0,0,0,0,0,english,0,0,1,0,0,0,0,0,0,0
William Saliba,Arsenal,24,D(C),centre_back,35.0,3042.0,2.0,0.0,0.0592,0.0,2.0,0.2,94.6,1.8,6.82,1.8,0.6,0.8,3.4,0.2,0.4,0.2,0.3,0.5,72.8,0.0,2.0,0.0,2.94,-0.94,0.49,France,Centre-Back,18,80000000.0,centre_back,0,0,0,0,0,0,0,french,0,1,0,0,0,0,0,0,0,0
Tyrone Mings,Aston Villa,33,D(CL),centre_back,14.0,1121.0,0.0,0.0,0.0,0.0,1.0,0.6,88.3,2.0,6.81,0.0,0.0,0.0,0.0,0.0,0.0,0.0,0.0,0.0,0.0,0.0,0.0,0.0,0.0,0.0,0.0,England,Centre-Back,18,5000000.0,centre_back,0,0,0,0,0,0,0,english,0,0,1,0,0,0,0,0,0,0
Marc Guéhi,Crystal Palace,25,D(C),centre_back,34.0,3060.0,3.0,2.0,0.0882,0.0588,7.0,0.4,84.1,2.0,6.81,1.8,0.8,0.7,4.6,0.5,0.7,0.5,0.4,0.8,51.2,0.1,3.3,0.1,2.69,0.31,0.18,England,Centre-Back,18,45000000.0,centre_back,0,0,0,0,0,0,0,english,0,0,1,0,0,0,0,0,0,0
Jean-Philippe Mateta,Crystal Palace,28,FW,striker,37.0,2659.0,14.0,2.0,0.4739,0.0677,2.0,1.9,68.1,1.7,6.8,0.5,0.1,0.7,0.6,0.4,0.1,0.8,0.5,0.8,11.4,0.1,0.1,0.1,14.69,-0.69,0.21,France,Centre-Forward,18,30000000.0,striker,1,0,0,0,0,0,0,french,0,1,0,0,0,0,0,0,0,0
Cristian Romero,Tottenham,27,D(C),centre_back,18.0,1421.0,1.0,0.0,0.0633,0.0,3.0,0.9,89.7,2.3,6.8,0.0,0.0,0.0,0.0,0.0,0.0,0.0,0.0,0.0,0.0,0.0,0.0,0.0,0.0,0.0,0.0,Argentina,Centre-Back,18,50000000.0,centre_back,0,0,0,0,0,0,0,argentinian,0,0,0,0,0,1,0,0,0,0
Mikel Merino,Arsenal,29,FW,striker,28.0,1582.0,7.0,2.0,0.3982,0.1138,2.0,1.4,79.9,2.1,6.8,1.6,0.5,1.5,0.8,0.6,0.2,0.6,0.3,0.8,19.9,0.1,0.3,0.0,7.15,-0.15,0.19,Spain,Central Midfield,18,35000000.0,central_mid,0,0,0,1,0,0,0,spanish,0,0,0,1,0,0,0,0,0,0
Danny Welbeck,Brighton,35,FW,striker,30.0,2123.0,10.0,4.0,0.4239,0.1696,5.0,2.0,85.6,0.6,6.8,0.9,0.2,0.4,0.5,0.4,0.1,0.8,0.4,0.8,16.2,0.0,0.2,0.0,10.85,-0.85,0.18,England,Centre-Forward,18,5000000.0,striker,1,0,0,0,0,0,0,english,0,0,1,0,0,0,0,0,0,0
Ollie Watkins,Aston Villa,30,FW,striker,38.0,2612.0,16.0,8.0,0.5513,0.2757,2.0,2.2,74.2,1.4,6.8,0.3,0.2,0.8,0.4,0.2,0.1,0.7,0.3,0.9,10.9,0.0,0.1,0.0,19.0,-3.0,0.23,England,Centre-Forward,18,40000000.0,striker,1,0,0,0,0,0,0,english,0,0,1,0,0,0,0,0,0,0
Nick Pope,Newcastle,33,GK,goalkeeper,28.0,2520.0,0.0,0.0,0.0,0.0,2.0,0.0,65.3,0.5,6.8,0.0,0.0,0.1,1.9,0.0,0.0,0.0,0.0,0.2,21.1,0.0,2.8,0.0,0.0,0.0,0.0,England,Goalkeeper,18,8000000.0,goalkeeper,0,0,0,0,0,0,1,english,0,0,1,0,0,0,0,0,0,0
Joachim Andersen,Fulham,29,D(C),centre_back,29.0,2573.0,0.0,0.0,0.0,0.0,6.0,0.7,83.3,2.6,6.79,0.9,1.2,0.6,6.4,0.3,1.0,0.1,0.1,0.7,68.0,0.1,7.0,0.0,0.84,-0.84,0.04,Denmark,Centre-Back,18,27000000.0,centre_back,0,0,0,0,0,0,0,other_europe,0,0,0,0,0,0,0,0,0,0
Fabian Schär,Newcastle,34,D(C),centre_back,34.0,2938.0,4.0,0.0,0.1225,0.0,9.0,1.2,84.5,1.7,6.79,1.1,1.3,1.0,3.9,0.6,0.7,0.1,0.2,0.4,57.1,0.0,4.1,0.1,3.9,0.1,0.1,Switzerland,Centre-Back,18,7000000.0,centre_back,0,0,0,0,0,0,0,other_europe,0,0,0,0,0,0,0,0,0,0
Jarrad Branthwaite,Everton,23,D(C),centre_back,30.0,2510.0,0.0,1.0,0.0,0.0359,4.0,0.3,82.9,2.1,6.79,1.2,0.9,0.4,6.3,0.3,0.8,0.1,0.1,0.6,39.5,0.0,2.8,0.0,1.56,-1.56,0.16,England,Centre-Back,18,50000000.0,centre_back,0,0,0,0,0,0,0,english,0,0,1,0,0,0,0,0,0,0
Lewis Cook,Bournemouth,29,M(CL),central_mid,36.0,2978.0,1.0,3.0,0.0302,0.0907,8.0,0.4,81.9,1.1,6.78,2.3,1.1,1.4,1.8,0.8,0.3,1.3,0.4,0.3,38.3,1.0,1.8,0.1,1.03,-0.03,0.07,England,Central Midfield,18,15000000.0,central_mid,0,0,0,1,0,0,0,english,0,0,1,0,0,0,0,0,0,0
Illia Zabarnyi,Bournemouth,23,D(C),centre_back,36.0,3113.0,0.0,1.0,0.0,0.0289,4.0,0.3,82.5,2.1,6.78,1.4,1.1,0.6,5.0,0.4,0.6,0.3,0.2,0.2,47.3,0.0,3.3,0.0,1.23,-1.23,0.1,Ukraine,Centre-Back,18,42000000.0,centre_back,0,0,0,0,0,0,0,other_europe,0,0,0,0,0,0,0,0,0,0
Evanilson,Bournemouth,26,FW,striker,31.0,2337.0,10.0,1.0,0.3851,0.0385,1.0,2.4,71.6,1.4,6.78,0.5,0.0,1.2,0.7,0.1,0.1,0.8,0.2,1.7,11.0,0.0,0.3,0.1,13.01,-3.01,0.18,Brazil,Centre-Forward,18,35000000.0,striker,1,0,0,0,0,0,0,brazilian,1,0,0,0,0,0,0,0,0,0
Ismaïla Sarr,Crystal Palace,28,FW,striker,38.0,2721.0,8.0,6.0,0.2646,0.1985,4.0,1.6,70.0,1.0,6.78,0.6,0.2,0.4,1.0,0.4,0.2,1.2,0.4,1.5,17.9,0.3,0.3,0.2,12.21,-4.21,0.21,Senegal,Right Winger,18,25000000.0,winger,0,1,0,0,0,0,0,african,0,0,0,0,0,0,0,1,0,0
Jurriën Timber,Arsenal,24,D(CLR),centre_back,30.0,2423.0,1.0,3.0,0.0371,0.1114,7.0,0.5,87.9,0.7,6.78,1.9,0.7,1.0,1.4,0.3,0.1,0.6,0.8,1.0,39.4,0.1,0.4,0.0,1.32,-0.32,0.09,Netherlands,Right-Back,18,55000000.0,fullback,0,0,0,0,0,1,0,other_europe,0,0,0,0,0,0,0,0,0,0
Noussair Mazraoui,Man Utd,28,M(R),winger,37.0,2850.0,0.0,1.0,0.0,0.0316,3.0,0.4,86.1,1.4,6.78,3.1,0.9,1.0,2.2,0.9,0.2,0.5,0.7,0.7,42.9,0.2,1.4,0.1,0.9,-0.9,0.07,Morocco,Right-Back,18,25000000.0,fullback,0,0,0,0,0,1,0,african,0,0,0,0,0,0,0,1,0,0
Ethan Pinnock,Brentford,32,D(C),centre_back,22.0,1914.0,2.0,0.0,0.094,0.0,2.0,0.5,87.6,2.9,6.78,1.6,1.0,0.4,6.3,0.5,0.8,0.4,0.1,0.2,46.9,0.0,2.1,0.0,1.13,0.87,0.11,Jamaica,Centre-Back,18,7000000.0,centre_back,0,0,0,0,0,0,0,other_europe,0,0,0,0,0,0,0,0,0,0
Milos Kerkez,Bournemouth,22,M(L),winger,38.0,3341.0,2.0,5.0,0.0539,0.1347,4.0,0.5,80.4,0.7,6.77,1.4,1.2,0.8,2.6,0.4,0.3,0.9,0.6,1.3,35.5,1.0,1.2,0.0,0.63,1.37,0.03,Hungary,Left-Back,18,45000000.0,fullback,0,0,0,0,0,1,0,other_europe,0,0,0,0,0,0,0,0,0,0
Sven Botman,Newcastle,26,D(C),centre_back,8.0,416.0,0.0,0.0,0.0,0.0,1.0,0.6,89.4,2.1,6.77,0.0,0.0,0.0,0.0,0.0,0.0,0.0,0.0,0.0,0.0,0.0,0.0,0.0,0.0,0.0,0.0,Netherlands,Centre-Back,18,42000000.0,centre_back,0,0,0,0,0,0,0,other_europe,0,0,0,0,0,0,0,0,0,0
Brennan Johnson,Tottenham,24,FW,striker,33.0,2181.0,11.0,3.0,0.4539,0.1238,5.0,1.6,75.8,0.2,6.76,1.2,0.1,0.8,0.3,0.5,0.1,0.6,0.6,0.8,17.3,0.2,0.1,0.0,10.58,0.42,0.2,Wales,Right Winger,18,40000000.0,winger,0,1,0,0,0,0,0,other_europe,0,0,0,0,0,0,0,0,0,0
Lucas Digne,Aston Villa,32,M(L),winger,32.0,2362.0,0.0,4.0,0.0,0.1524,4.0,0.4,82.8,1.2,6.76,2.0,0.8,0.7,2.6,0.7,0.1,1.1,0.3,0.5,30.6,1.1,0.9,0.1,0.7,-0.7,0.05,France,Left-Back,18,10000000.0,fullback,0,0,0,0,0,1,0,french,0,1,0,0,0,0,0,0,0,0
Pedro Neto,Chelsea,26,FW,striker,35.0,2270.0,4.0,6.0,0.1586,0.2379,8.0,1.7,88.6,0.3,6.76,0.7,0.3,0.6,0.1,0.3,0.1,1.3,1.0,0.9,20.9,1.2,0.7,0.0,4.18,-0.18,0.07,Portugal,Right Winger,18,50000000.0,winger,0,1,0,0,0,0,0,portuguese,0,0,0,0,0,0,1,0,0,0
Tyrick Mitchell,Crystal Palace,26,M(L),winger,37.0,3102.0,0.0,5.0,0.0,0.1451,2.0,0.3,73.6,0.5,6.76,2.5,0.5,0.6,2.6,0.6,0.3,1.1,0.4,0.7,27.7,0.5,1.4,0.0,1.33,-1.33,0.11,England,Left-Back,18,25000000.0,fullback,0,0,0,0,0,1,0,english,0,0,1,0,0,0,0,0,0,0
Jørgen Strand Larsen,Wolves,26,FW,striker,35.0,2603.0,14.0,4.0,0.4841,0.1383,4.0,1.5,65.2,1.9,6.75,0.3,0.2,1.3,0.8,0.7,0.1,0.6,0.2,0.5,12.9,0.0,0.3,0.0,11.68,2.32,0.22,Norway,Centre-Forward,18,30000000.0,striker,1,0,0,0,0,0,0,other_europe,0,0,0,0,0,0,0,0,0,0
Charly Alcaraz,Everton,23,FW,striker,15.0,763.0,2.0,3.0,0.2359,0.3539,4.0,1.7,82.7,0.9,6.75,0.0,0.0,0.0,0.0,0.0,0.0,0.0,0.0,0.0,0.0,0.0,0.0,0.0,0.0,0.0,0.0,Argentina,Central Midfield,18,14000000.0,central_mid,0,0,0,1,0,0,0,argentinian,0,0,0,0,0,1,0,0,0,0
James Ward-Prowse,West Ham,31,M(CR),central_mid,15.0,1043.0,1.0,1.0,0.0863,0.0863,2.0,0.9,92.8,0.7,6.75,0.0,0.0,0.0,0.0,0.0,0.0,0.0,0.0,0.0,0.0,0.0,0.0,0.0,0.0,0.0,0.0,England,Central Midfield,18,8000000.0,central_mid,0,0,0,1,0,0,0,english,0,0,1,0,0,0,0,0,0,0
Phil Foden,Man City,25,FW,striker,28.0,1779.0,7.0,2.0,0.3541,0.1012,2.0,1.9,88.6,0.1,6.75,0.5,0.3,0.2,0.3,0.4,0.0,1.5,0.5,1.2,30.4,1.1,1.2,0.1,6.78,0.22,0.13,England,Attacking Midfield,18,100000000.0,attacking_mid,0,0,1,0,0,0,0,english,0,0,1,0,0,0,0,0,0,0
Levi Colwill,Chelsea,23,D(CL),centre_back,35.0,3150.0,2.0,1.0,0.0571,0.0286,9.0,0.5,89.7,2.4,6.74,1.3,0.9,1.3,3.3,0.3,0.7,0.4,0.2,0.6,74.1,0.1,2.5,0.0,2.25,-0.25,0.13,England,Centre-Back,18,55000000.0,centre_back,0,0,0,0,0,0,0,english,0,0,1,0,0,0,0,0,0,0
Marco Asensio,Aston Villa,30,FW,striker,13.0,749.0,3.0,1.0,0.3605,0.1202,2.0,1.8,86.4,0.0,6.74,0.0,0.0,0.0,0.0,0.0,0.0,0.0,0.0,0.0,0.0,0.0,0.0,0.0,0.0,0.0,0.0,Spain,Attacking Midfield,18,20000000.0,attacking_mid,0,0,1,0,0,0,0,spanish,0,0,0,1,0,0,0,0,0,0
Djed Spence,Tottenham,25,M(LR),winger,25.0,1791.0,1.0,2.0,0.0503,0.1005,2.0,0.4,86.8,0.8,6.73,1.9,0.8,0.8,2.2,0.3,0.4,0.4,1.5,0.9,39.2,0.4,0.5,0.0,0.41,0.59,0.04,England,Left-Back,18,20000000.0,fullback,0,0,0,0,0,1,0,english,0,0,1,0,0,0,0,0,0,0
Tosin Adarabioyo,Chelsea,28,D(CR),centre_back,22.0,1405.0,1.0,1.0,0.0641,0.0641,4.0,0.6,91.3,1.9,6.73,0.8,0.5,0.4,3.6,0.2,0.3,0.0,0.2,0.4,53.5,0.0,1.9,0.0,1.51,-0.51,0.12,England,Centre-Back,18,20000000.0,centre_back,0,0,0,0,0,0,0,english,0,0,1,0,0,0,0,0,0,0
Marshall Munetsi,Wolves,29,M(C),central_mid,14.0,1079.0,2.0,1.0,0.1668,0.0834,0.0,1.6,73.6,2.1,6.73,0.0,0.0,0.0,0.0,0.0,0.0,0.0,0.0,0.0,0.0,0.0,0.0,0.0,0.0,0.0,0.0,Zimbabwe,Central Midfield,18,15000000.0,central_mid,0,0,0,1,0,0,0,african,0,0,0,0,0,0,0,1,0,0
Amadou Onana,Aston Villa,24,DMC,cdm,26.0,1626.0,3.0,0.0,0.1661,0.0,4.0,0.7,87.7,1.3,6.73,2.1,1.0,1.2,1.5,0.5,0.3,0.4,0.5,1.2,30.7,0.1,0.7,0.0,2.55,0.45,0.15,Belgium,Defensive Midfield,18,50000000.0,cdm,0,0,0,0,1,0,0,other_europe,0,0,0,0,0,0,0,0,0,0
Ferdi Kadioglu,Brighton,26,M(CLR),central_mid,6.0,389.0,1.0,0.0,0.2314,0.0,1.0,0.7,85.3,0.5,6.73,0.0,0.0,0.0,0.0,0.0,0.0,0.0,0.0,0.0,0.0,0.0,0.0,0.0,0.0,0.0,0.0,Türkiye,Left-Back,18,25000000.0,fullback,0,0,0,0,0,1,0,other_europe,0,0,0,0,0,0,0,0,0,0
Maximilian Kilman,West Ham,28,D(C),centre_back,38.0,3349.0,0.0,1.0,0.0,0.0269,5.0,0.3,87.1,3.0,6.73,1.0,1.0,0.6,5.5,0.1,1.1,0.4,0.4,0.3,51.3,0.0,2.6,0.0,2.17,-2.17,0.17,England,Centre-Back,18,25000000.0,centre_back,0,0,0,0,0,0,0,english,0,0,1,0,0,0,0,0,0,0
David Raya,Arsenal,30,GK,goalkeeper,38.0,3420.0,0.0,0.0,0.0,0.0,3.0,0.0,70.6,0.4,6.73,0.0,0.1,0.0,0.8,0.1,0.0,0.0,0.0,0.3,32.4,0.0,4.5,0.0,0.0,0.0,0.0,Spain,Goalkeeper,18,40000000.0,goalkeeper,0,0,0,0,0,0,1,spanish,0,0,0,1,0,0,0,0,0,0
Wesley Fofana,Chelsea,25,D(CR),centre_back,14.0,1176.0,0.0,0.0,0.0,0.0,7.0,0.2,90.8,1.9,6.73,0.0,0.0,0.0,0.0,0.0,0.0,0.0,0.0,0.0,0.0,0.0,0.0,0.0,0.0,0.0,0.0,France,Centre-Back,18,25000000.0,centre_back,0,0,0,0,0,0,0,french,0,1,0,0,0,0,0,0,0,0
Ilkay Gündogan,Man City,35,M(C),central_mid,33.0,2229.0,1.0,6.0,0.0404,0.2423,1.0,0.8,92.4,0.4,6.72,0.8,0.4,0.5,0.7,0.4,0.0,1.3,0.5,0.8,49.5,0.4,1.6,0.1,3.28,-2.28,0.12,Germany,Central Midfield,18,5000000.0,central_mid,0,0,0,1,0,0,0,german,0,0,0,0,1,0,0,0,0,0
Harvey Barnes,Newcastle,28,AM(CLR),attacking_mid,33.0,1756.0,9.0,4.0,0.4613,0.205,0.0,1.9,82.1,0.2,6.72,0.5,0.2,0.5,0.3,0.2,0.1,0.8,0.7,0.7,16.6,0.4,0.2,0.0,7.84,1.16,0.12,England,Left Winger,18,35000000.0,winger,0,1,0,0,0,0,0,english,0,0,1,0,0,0,0,0,0,0
Jan Paul van Hecke,Brighton,25,D(C),centre_back,34.0,2961.0,1.0,0.0,0.0304,0.0,6.0,0.5,88.5,2.4,6.72,1.3,0.7,0.7,4.1,0.5,0.6,0.4,0.1,0.7,66.6,0.1,4.0,0.1,1.23,-0.23,0.07,Netherlands,Centre-Back,18,32000000.0,centre_back,0,0,0,0,0,0,0,other_europe,0,0,0,0,0,0,0,0,0,0
Marcus Rashford,Man Utd,28,FW,striker,15.0,983.0,4.0,1.0,0.3662,0.0916,2.0,1.1,76.9,0.3,6.72,0.0,0.0,0.0,0.0,0.0,0.0,0.0,0.0,0.0,0.0,0.0,0.0,0.0,0.0,0.0,0.0,England,Left Winger,18,50000000.0,winger,0,1,0,0,0,0,0,english,0,0,1,0,0,0,0,0,0,0
Tyler Adams,Bournemouth,27,M(CR),central_mid,28.0,1966.0,0.0,3.0,0.0,0.1373,7.0,0.3,84.9,1.1,6.72,3.0,1.1,1.6,1.3,1.2,0.4,0.6,0.1,0.8,37.7,0.0,0.7,0.0,1.36,-1.36,0.15,United States,Defensive Midfield,18,18000000.0,cdm,0,0,0,0,1,0,0,other_europe,0,0,0,0,0,0,0,0,0,0
Emiliano Martínez,Aston Villa,33,GK,goalkeeper,37.0,3198.0,0.0,0.0,0.0,0.0,5.0,0.0,77.0,0.3,6.71,0.1,0.0,0.1,0.5,0.0,0.0,0.1,0.0,0.2,33.7,0.0,5.5,0.0,0.0,0.0,0.0,Argentina,Goalkeeper,18,20000000.0,goalkeeper,0,0,0,0,0,0,1,argentinian,0,0,0,0,0,1,0,0,0,0
Ayden Heaven,Man Utd,19,D(C),centre_back,4.0,171.0,0.0,0.0,0.0,0.0,1.0,0.5,85.7,0.5,6.71,0.0,0.0,0.0,0.0,0.0,0.0,0.0,0.0,0.0,0.0,0.0,0.0,0.0,0.0,0.0,0.0,England,Centre-Back,18,5000000.0,centre_back,0,0,0,0,0,0,0,english,0,0,1,0,0,0,0,0,0,0
Guglielmo Vicario,Tottenham,29,GK,goalkeeper,24.0,2160.0,0.0,0.0,0.0,0.0,1.0,0.0,85.9,0.4,6.71,0.0,0.0,0.0,1.4,0.0,0.0,0.0,0.0,0.1,31.4,0.0,2.3,0.0,0.0,0.0,0.0,Italy,Goalkeeper,18,32000000.0,goalkeeper,0,0,0,0,0,0,1,other_europe,0,0,0,0,0,0,0,0,0,0
Lukasz Fabianski,West Ham,40,GK,goalkeeper,14.0,1161.0,0.0,0.0,0.0,0.0,2.0,0.0,63.6,0.3,6.71,0.0,0.0,0.0,0.0,0.0,0.0,0.0,0.0,0.0,0.0,0.0,0.0,0.0,0.0,0.0,0.0,Poland,Goalkeeper,18,500000.0,goalkeeper,0,0,0,0,0,0,1,other_europe,0,0,0,0,0,0,0,0,0,0
Nico González,Man City,24,M(C),central_mid,11.0,763.0,1.0,0.0,0.118,0.0,3.0,0.8,92.3,1.5,6.71,0.0,0.0,0.0,0.0,0.0,0.0,0.0,0.0,0.0,0.0,0.0,0.0,0.0,0.0,0.0,0.0,Spain,Defensive Midfield,18,40000000.0,cdm,0,0,0,0,1,0,0,spanish,0,0,0,1,0,0,0,0,0,0
Kieran Trippier,Newcastle,35,M(R),winger,25.0,1310.0,0.0,3.0,0.0,0.2061,1.0,0.2,85.4,0.9,6.7,1.5,0.5,0.6,1.7,0.6,0.1,0.9,0.2,0.4,41.5,1.0,1.4,0.1,0.14,-0.14,0.04,England,Right-Back,18,4000000.0,fullback,0,0,0,0,0,1,0,english,0,0,1,0,0,0,0,0,0,0
Matty Cash,Aston Villa,28,M(CLR),central_mid,27.0,2077.0,1.0,1.0,0.0433,0.0433,7.0,0.5,84.6,0.7,6.7,2.1,0.9,1.0,2.1,0.4,0.3,0.4,0.7,0.7,28.3,0.2,0.9,0.0,0.51,0.49,0.04,Poland,Right-Back,18,25000000.0,fullback,0,0,0,0,0,1,0,other_europe,0,0,0,0,0,0,0,0,0,0
Matheus Nunes,Man City,27,M(CLR),central_mid,26.0,1673.0,1.0,6.0,0.0538,0.3228,4.0,0.3,88.8,0.6,6.7,1.3,0.6,1.2,1.2,0.8,0.2,0.9,0.7,0.8,41.5,0.4,1.0,0.1,1.42,-0.42,0.16,Portugal,Right-Back,18,35000000.0,fullback,0,0,0,0,0,1,0,portuguese,0,0,0,0,0,0,1,0,0,0
Kepa Arrizabalaga,Bournemouth,31,GK,goalkeeper,31.0,2790.0,0.0,0.0,0.0,0.0,3.0,0.0,70.4,0.3,6.7,0.0,0.0,0.1,1.2,0.1,0.0,0.0,0.0,0.2,29.1,0.0,5.6,0.0,0.06,-0.06,0.06,Spain,Goalkeeper,18,10000000.0,goalkeeper,0,0,0,0,0,0,1,spanish,0,0,0,1,0,0,0,0,0,0
Chris Richards,Crystal Palace,25,DMC,cdm,24.0,1925.0,1.0,0.0,0.0468,0.0,2.0,0.5,81.3,2.0,6.7,2.0,0.8,0.5,4.7,0.7,0.6,0.1,0.0,0.2,34.7,0.0,1.2,0.0,1.78,-0.78,0.15,United States,Centre-Back,18,14000000.0,centre_back,0,0,0,0,0,0,0,other_europe,0,0,0,0,0,0,0,0,0,0
Keane Lewis-Potter,Brentford,25,FW,striker,38.0,3103.0,1.0,3.0,0.029,0.087,7.0,0.7,80.5,0.7,6.7,1.3,0.6,0.5,1.7,0.5,0.3,0.7,1.1,0.8,27.6,0.7,1.7,0.1,2.62,-1.62,0.09,England,Left Midfield,18,23000000.0,winger,0,1,0,0,0,0,0,english,0,0,1,0,0,0,0,0,0,0
James Garner,Everton,25,M(CR),central_mid,21.0,1595.0,0.0,1.0,0.0,0.0564,5.0,0.6,82.1,0.5,6.7,2.2,1.1,1.0,1.6,0.8,0.2,0.6,0.3,0.7,33.2,0.7,1.3,0.0,0.54,-0.54,0.04,England,Defensive Midfield,18,18000000.0,cdm,0,0,0,0,1,0,0,english,0,0,1,0,0,0,0,0,0,0
Matthijs de Ligt,Man Utd,26,D(C),centre_back,29.0,2128.0,2.0,0.0,0.0846,0.0,3.0,0.6,90.4,2.0,6.69,1.0,1.1,0.6,3.1,0.3,0.7,0.2,0.1,0.4,47.2,0.1,1.1,0.0,2.66,-0.66,0.15,Netherlands,Centre-Back,18,38000000.0,centre_back,0,0,0,0,0,0,0,other_europe,0,0,0,0,0,0,0,0,0,0
Yerson Mosquera,Wolves,24,D(C),centre_back,5.0,442.0,0.0,0.0,0.0,0.0,2.0,0.4,86.1,2.2,6.69,0.0,0.0,0.0,0.0,0.0,0.0,0.0,0.0,0.0,0.0,0.0,0.0,0.0,0.0,0.0,0.0,Colombia,Centre-Back,18,8000000.0,centre_back,0,0,0,0,0,0,0,south_american_other,0,0,0,0,0,0,0,0,0,1
Sepp van den Berg,Brentford,24,M(R),winger,31.0,2589.0,0.0,0.0,0.0,0.0,3.0,0.6,85.7,3.0,6.68,1.3,0.7,0.7,4.2,0.3,1.2,0.2,0.1,0.2,39.0,0.1,1.2,0.0,2.15,-2.15,0.11,Netherlands,Centre-Back,18,22000000.0,centre_back,0,0,0,0,0,0,0,other_europe,0,0,0,0,0,0,0,0,0,0
Nélson Semedo,Wolves,32,M(R),winger,34.0,2896.0,0.0,4.0,0.0,0.1243,8.0,0.5,82.2,0.8,6.68,1.8,0.7,1.4,2.5,0.7,0.3,0.7,0.9,0.9,32.1,0.5,1.1,0.0,1.07,-1.07,0.06,Portugal,Right-Back,18,9000000.0,fullback,0,0,0,0,0,1,0,portuguese,0,0,0,0,0,0,1,0,0,0
Marc Cucurella,Chelsea,27,M(L),winger,36.0,2991.0,5.0,1.0,0.1505,0.0301,8.0,0.7,88.7,0.9,6.68,1.9,0.8,1.0,2.2,0.8,0.4,0.5,0.1,1.1,45.4,0.1,1.2,0.1,3.09,1.91,0.13,Spain,Left-Back,18,35000000.0,fullback,0,0,0,0,0,1,0,spanish,0,0,0,1,0,0,0,0,0,0
Harry Maguire,Man Utd,33,D(C),centre_back,27.0,1758.0,1.0,0.0,0.0512,0.0,7.0,0.6,86.1,2.4,6.68,1.1,1.5,0.7,2.9,0.2,0.4,0.3,0.1,0.4,41.4,0.0,2.1,0.0,2.54,-1.54,0.17,England,Centre-Back,18,13000000.0,centre_back,0,0,0,0,0,0,0,english,0,0,1,0,0,0,0,0,0,0
Tino Livramento,Newcastle,23,D(LR),fullback,37.0,2842.0,0.0,1.0,0.0,0.0317,1.0,0.2,87.4,0.7,6.68,1.5,0.6,0.2,2.5,0.7,0.3,0.7,0.7,0.9,36.6,0.3,0.6,0.0,0.38,-0.38,0.06,England,Right-Back,18,40000000.0,fullback,0,0,0,0,0,1,0,english,0,0,1,0,0,0,0,0,0,0
Dean Henderson,Crystal Palace,29,GK,goalkeeper,38.0,3420.0,0.0,0.0,0.0,0.0,3.0,0.0,57.4,0.3,6.6,0.1,0.0,0.0,1.1,0.1,0.0,0.1,0.0,0.1,28.9,0.0,4.6,0.0,0.03,-0.03,0.03,England,Goalkeeper,18,20000000.0,goalkeeper,0,0,0,0,0,0,1,english,0,0,1,0,0,0,0,0,0,0
Adama Traoré,Fulham,30,FW,striker,36.0,1770.0,2.0,7.0,0.1017,0.3559,3.0,1.1,81.2,0.7,6.59,0.6,0.0,0.7,0.1,0.2,0.0,1.2,1.3,0.9,13.4,0.8,0.3,0.0,5.27,-3.27,0.14,Spain,Right Winger,18,9000000.0,winger,0,1,0,0,0,0,0,spanish,0,0,0,1,0,0,0,0,0,0
Yasin Ayari,Brighton,22,M(C),central_mid,34.0,1971.0,2.0,1.0,0.0913,0.0457,4.0,0.8,85.4,0.5,6.59,1.7,0.6,1.1,0.7,0.9,0.2,0.9,0.5,0.8,26.5,0.6,0.4,0.0,2.39,-0.39,0.09,Sweden,Central Midfield,18,22000000.0,central_mid,0,0,0,1,0,0,0,other_europe,0,0,0,0,0,0,0,0,0,0
Mats Wieffer,Brighton,26,DMC,cdm,25.0,1008.0,1.0,4.0,0.0893,0.3571,6.0,0.4,86.4,1.4,6.58,2.3,0.7,0.9,1.0,0.6,0.1,0.6,0.3,0.4,25.9,0.1,0.8,0.0,1.2,-0.2,0.13,Netherlands,Defensive Midfield,18,25000000.0,cdm,0,0,0,0,1,0,0,other_europe,0,0,0,0,0,0,0,0,0,0
Ashley Young,Everton,40,M(LR),winger,32.0,1872.0,1.0,3.0,0.0481,0.1442,7.0,0.2,73.5,0.3,6.58,1.8,0.8,0.9,1.8,0.7,0.1,0.8,0.2,0.7,23.0,0.6,1.9,0.1,0.29,0.71,0.05,England,Right-Back,18,500000.0,fullback,0,0,0,0,0,1,0,english,0,0,1,0,0,0,0,0,0,0
Andy Robertson,Liverpool,32,M(L),winger,33.0,2493.0,0.0,1.0,0.0,0.0361,3.0,0.5,88.0,0.2,6.57,1.2,0.6,0.3,1.3,0.6,0.1,1.2,0.2,0.2,46.7,1.0,1.8,0.1,1.2,-1.2,0.08,Scotland,Left-Back,18,18000000.0,fullback,0,0,0,0,0,1,0,other_europe,0,0,0,0,0,0,0,0,0,0
Manuel Ugarte,Man Utd,24,DMC,cdm,29.0,1790.0,1.0,2.0,0.0503,0.1006,11.0,0.7,88.6,0.6,6.57,2.7,0.9,1.4,0.5,1.3,0.1,0.3,0.6,1.1,30.9,0.1,1.3,0.0,0.98,0.02,0.05,Uruguay,Defensive Midfield,18,45000000.0,cdm,0,0,0,0,1,0,0,south_american_other,0,0,0,0,0,0,0,0,0,1
Emerson,West Ham,31,M(L),winger,31.0,2128.0,2.0,1.0,0.0846,0.0423,5.0,0.5,82.4,0.6,6.56,1.9,0.7,0.8,1.8,0.7,0.3,0.5,0.3,0.4,28.0,0.6,0.9,0.0,2.2,-0.2,0.14,Italy,Left-Back,18,10000000.0,fullback,0,0,0,0,0,1,0,other_europe,0,0,0,0,0,0,0,0,0,0
Lucas Paquetá,West Ham,28,FW,striker,33.0,2385.0,4.0,0.0,0.1509,0.0,10.0,1.2,78.8,1.5,6.56,2.0,0.5,1.6,1.0,0.8,0.1,1.1,0.6,1.9,42.6,0.2,2.6,0.2,5.04,-1.04,0.12,Brazil,Attacking Midfield,18,28000000.0,attacking_mid,0,0,1,0,0,0,0,brazilian,1,0,0,0,0,0,0,0,0,0
Rodrigo Muniz,Fulham,24,FW,striker,31.0,952.0,8.0,1.0,0.7563,0.0945,1.0,1.3,65.7,2.2,6.56,0.3,0.2,0.4,0.5,0.0,0.1,0.2,0.2,1.0,4.5,0.0,0.3,0.0,7.18,0.82,0.18,Brazil,Centre-Forward,18,20000000.0,striker,1,0,0,0,0,0,0,brazilian,1,0,0,0,0,0,0,0,0,0
Emile Smith Rowe,Fulham,25,AM(CL),attacking_mid,34.0,2061.0,6.0,3.0,0.262,0.131,3.0,1.1,91.3,0.2,6.55,0.9,0.3,0.6,0.5,0.5,0.1,0.7,0.5,0.4,29.4,0.1,0.5,0.0,5.01,0.99,0.14,England,Attacking Midfield,18,30000000.0,attacking_mid,0,0,1,0,0,0,0,english,0,0,1,0,0,0,0,0,0,0
Konstantinos Mavropanos,West Ham,28,D(CR),centre_back,33.0,2039.0,0.0,0.0,0.0,0.0,4.0,0.5,86.9,1.8,6.54,1.1,1.2,0.5,3.7,0.3,0.5,0.2,0.3,0.5,37.7,0.0,2.0,0.0,2.13,-2.13,0.12,Greece,Centre-Back,18,17000000.0,centre_back,0,0,0,0,0,0,0,other_europe,0,0,0,0,0,0,0,0,0,0
André Onana,Man Utd,29,GK,goalkeeper,34.0,3060.0,0.0,0.0,0.0,0.0,0.0,0.0,69.8,0.2,6.54,0.1,0.0,0.0,0.7,0.1,0.0,0.0,0.0,0.1,34.3,0.0,4.5,0.0,0.0,0.0,0.0,Cameroon,Goalkeeper,18,25000000.0,goalkeeper,0,0,0,0,0,0,1,african,0,0,0,0,0,0,0,1,0,0
Pape Matar Sarr,Tottenham,23,M(C),central_mid,36.0,1917.0,3.0,2.0,0.1408,0.0939,6.0,0.9,87.6,0.9,6.53,1.4,0.8,0.9,0.7,0.4,0.3,0.4,0.3,1.0,27.8,0.1,0.4,0.0,3.58,-0.58,0.11,Senegal,Central Midfield,18,32000000.0,central_mid,0,0,0,1,0,0,0,african,0,0,0,0,0,0,0,1,0,0
John McGinn,Aston Villa,31,M(CLR),central_mid,34.0,2232.0,1.0,4.0,0.0403,0.1613,7.0,0.9,86.6,0.5,6.53,1.0,0.4,1.3,0.4,0.5,0.1,0.9,0.6,2.0,23.2,0.4,0.9,0.1,3.62,-2.62,0.12,Scotland,Central Midfield,18,16000000.0,central_mid,0,0,0,1,0,0,0,other_europe,0,0,0,0,0,0,0,0,0,0
Alphonse Areola,West Ham,33,GK,goalkeeper,26.0,2260.0,0.0,0.0,0.0,0.0,0.0,0.0,66.1,0.1,6.53,0.1,0.0,0.0,1.0,0.0,0.0,0.0,0.0,0.0,33.3,0.0,6.2,0.0,0.0,0.0,0.0,France,Goalkeeper,18,9000000.0,goalkeeper,0,0,0,0,0,0,1,french,0,1,0,0,0,0,0,0,0,0
Alejandro Garnacho,Man Utd,21,AM(CLR),attacking_mid,36.0,2196.0,6.0,2.0,0.2459,0.082,3.0,2.3,83.3,0.1,6.52,0.8,0.4,0.3,0.3,0.7,0.0,1.0,0.7,1.2,20.8,0.3,0.5,0.0,9.13,-3.13,0.11,Argentina,Left Winger,18,45000000.0,winger,0,1,0,0,0,0,0,argentinian,0,0,0,0,0,1,0,0,0,0
Vitaly Janelt,Brentford,27,DMC,cdm,32.0,2267.0,1.0,3.0,0.0397,0.1191,3.0,0.4,84.4,0.6,6.51,1.2,0.8,0.8,1.5,0.5,0.3,0.5,0.1,0.5,31.7,0.3,1.5,0.1,0.75,0.25,0.05,Germany,Defensive Midfield,18,20000000.0,cdm,0,0,0,0,1,0,0,german,0,0,0,0,1,0,0,0,0,0
Calvin Bassey,Fulham,26,D(CL),centre_back,35.0,3074.0,1.0,0.0,0.0293,0.0,7.0,0.4,90.1,1.3,6.51,1.5,0.6,0.7,3.2,0.3,0.5,0.1,0.4,0.9,61.1,0.0,2.5,0.0,1.3,-0.3,0.09,Nigeria,Centre-Back,18,25000000.0,centre_back,0,0,0,0,0,0,0,african,0,0,0,0,0,0,0,1,0,0
Abdoulaye Doucouré,Everton,33,M(C),central_mid,33.0,2577.0,3.0,2.0,0.1048,0.0698,3.0,0.9,82.7,0.9,6.51,1.5,0.3,1.5,0.6,0.9,0.2,0.8,0.7,0.2,26.5,0.0,0.7,0.0,3.99,-0.99,0.13,Mali,Attacking Midfield,18,7000000.0,attacking_mid,0,0,1,0,0,0,0,african,0,0,0,0,0,0,0,1,0,0
Curtis Jones,Liverpool,25,M(CL),central_mid,33.0,1715.0,3.0,3.0,0.1574,0.1574,1.0,1.0,93.7,0.4,6.51,1.2,0.2,0.5,0.2,0.3,0.3,0.7,0.4,0.8,32.1,0.0,0.7,0.1,4.99,-1.99,0.15,England,Central Midfield,18,45000000.0,central_mid,0,0,0,1,0,0,0,english,0,0,1,0,0,0,0,0,0,0
Dominic Calvert-Lewin,Everton,29,FW,striker,26.0,1614.0,3.0,1.0,0.1673,0.0558,2.0,1.9,63.5,3.3,6.51,0.3,0.3,1.0,0.9,0.2,0.1,0.3,0.4,0.9,10.8,0.0,0.1,0.0,8.67,-5.67,0.17,England,Centre-Forward,18,16000000.0,striker,1,0,0,0,0,0,0,english,0,0,1,0,0,0,0,0,0,0
Andreas Pereira,Fulham,30,M(CLR),central_mid,33.0,2025.0,2.0,4.0,0.0889,0.1778,8.0,1.2,77.7,0.4,6.51,0.7,0.2,0.8,0.5,1.0,0.1,1.7,0.4,0.7,23.8,1.5,1.1,0.1,3.91,-1.91,0.1,Brazil,Central Midfield,18,18000000.0,central_mid,0,0,0,1,0,0,0,brazilian,1,0,0,0,0,0,0,0,0,0
Sander Berge,Fulham,28,M(C),central_mid,31.0,2231.0,0.0,0.0,0.0,0.0,6.0,0.1,91.7,0.9,6.5,1.6,0.7,1.0,1.2,0.4,0.3,0.6,0.4,0.3,38.4,0.0,1.9,0.1,0.5,-0.5,0.17,Norway,Defensive Midfield,18,25000000.0,cdm,0,0,0,0,1,0,0,other_europe,0,0,0,0,0,0,0,0,0,0
Will Hughes,Crystal Palace,30,M(CLR),central_mid,33.0,2122.0,0.0,3.0,0.0,0.1272,11.0,0.7,81.0,0.6,6.49,2.0,0.7,2.0,0.8,1.0,0.4,1.0,0.2,0.9,27.0,0.5,0.7,0.0,1.02,-1.02,0.05,England,Central Midfield,18,7000000.0,central_mid,0,0,0,1,0,0,0,english,0,0,1,0,0,0,0,0,0,0
Jean-Ricner Bellegarde,Wolves,27,M(CLR),central_mid,35.0,1685.0,2.0,7.0,0.1068,0.3739,3.0,0.6,83.3,0.3,6.48,1.1,0.3,0.9,0.5,0.2,0.1,0.8,0.4,1.3,15.7,0.4,0.4,0.1,1.83,0.17,0.08,Haiti,Central Midfield,18,18000000.0,central_mid,0,0,0,1,0,0,0,other_europe,0,0,0,0,0,0,0,0,0,0
José Sá,Wolves,33,GK,goalkeeper,29.0,2610.0,0.0,0.0,0.0,0.0,2.0,0.0,59.3,0.4,6.48,0.1,0.0,0.1,0.9,0.0,0.0,0.1,0.3,0.3,27.6,0.0,4.0,0.0,0.0,0.0,0.0,Portugal,Goalkeeper,18,7000000.0,goalkeeper,0,0,0,0,0,0,1,portuguese,0,0,0,0,0,0,1,0,0,0
Ross Barkley,Aston Villa,32,M(CLR),central_mid,20.0,570.0,3.0,1.0,0.4737,0.1579,3.0,0.8,85.7,0.3,6.47,0.7,0.5,0.4,0.3,0.3,0.2,0.5,0.6,0.2,19.6,0.0,0.5,0.0,2.07,0.93,0.13,England,Central Midfield,18,6000000.0,central_mid,0,0,0,1,0,0,0,english,0,0,1,0,0,0,0,0,0,0
Lucas Bergvall,Tottenham,20,M(C),central_mid,27.0,1206.0,0.0,1.0,0.0,0.0746,3.0,0.4,88.7,0.3,6.47,1.4,0.9,0.7,0.8,0.6,0.3,0.4,0.8,0.6,25.5,0.3,1.1,0.0,0.77,-0.77,0.06,Sweden,Central Midfield,18,38000000.0,central_mid,0,0,0,1,0,0,0,other_europe,0,0,0,0,0,0,0,0,0,0
Kobbie Mainoo,Man Utd,20,M(C),central_mid,25.0,1657.0,0.0,0.0,0.0,0.0,5.0,0.6,87.4,0.8,6.47,1.8,0.8,1.1,0.5,0.6,0.1,0.6,0.9,0.8,32.7,0.1,0.9,0.0,0.81,-0.81,0.05,England,Central Midfield,18,50000000.0,central_mid,0,0,0,1,0,0,0,english,0,0,1,0,0,0,0,0,0,0
Jesper Lindstrøm,Everton,26,FW,striker,25.0,1242.0,0.0,1.0,0.0,0.0725,2.0,1.1,78.7,0.2,6.47,1.8,0.5,0.6,0.6,1.4,0.1,0.8,0.3,0.4,13.9,0.7,0.4,0.0,2.51,-2.51,0.09,Denmark,Right Winger,18,18000000.0,winger,0,1,0,0,0,0,0,other_europe,0,0,0,0,0,0,0,0,0,0
Jean-Clair Todibo,West Ham,26,D(C),centre_back,27.0,1833.0,0.0,0.0,0.0,0.0,3.0,0.2,88.3,1.0,6.46,1.7,1.0,0.6,3.0,0.4,0.5,0.1,0.3,0.2,39.7,0.0,1.1,0.0,0.3,-0.3,0.06,France,Centre-Back,18,25000000.0,centre_back,0,0,0,0,0,0,0,french,0,1,0,0,0,0,0,0,0,0
Bart Verbruggen,Brighton,23,GK,goalkeeper,36.0,3240.0,0.0,1.0,0.0,0.0278,6.0,0.0,75.1,0.3,6.46,0.0,0.0,0.0,1.3,0.1,0.0,0.0,0.1,0.1,33.0,0.0,5.3,0.0,0.0,0.0,0.0,Netherlands,Goalkeeper,18,30000000.0,goalkeeper,0,0,0,0,0,0,1,other_europe,0,0,0,0,0,0,0,0,0,0
Rico Lewis,Man City,21,M(C),central_mid,28.0,1893.0,1.0,2.0,0.0475,0.0951,3.0,0.4,91.4,0.2,6.46,1.1,0.5,0.4,1.4,0.3,0.3,0.3,0.3,1.2,43.0,0.0,0.8,0.0,1.5,-0.5,0.15,England,Right-Back,18,40000000.0,fullback,0,0,0,0,0,1,0,english,0,0,1,0,0,0,0,0,0,0
Ian Maatsen,Aston Villa,24,M(CLR),central_mid,29.0,1129.0,1.0,2.0,0.0797,0.1594,2.0,0.7,86.9,0.3,6.45,1.0,0.5,0.4,0.9,0.2,0.0,0.7,0.4,0.3,21.2,0.3,0.3,0.0,0.83,0.17,0.04,Netherlands,Left-Back,18,28000000.0,fullback,0,0,0,0,0,1,0,other_europe,0,0,0,0,0,0,0,0,0,0
Christian Eriksen,Man Utd,34,FW,striker,23.0,1059.0,1.0,2.0,0.085,0.17,4.0,0.7,85.5,0.1,6.45,0.8,0.3,0.3,0.3,0.7,0.2,1.3,0.0,0.1,28.6,1.0,1.6,0.1,1.37,-0.37,0.09,Denmark,Attacking Midfield,18,4000000.0,attacking_mid,0,0,1,0,0,0,0,other_europe,0,0,0,0,0,0,0,0,0,0
Darwin Núñez,Liverpool,26,FW,striker,30.0,1123.0,5.0,2.0,0.4007,0.1603,8.0,1.1,71.4,0.7,6.45,0.7,0.1,0.9,0.4,0.4,0.0,0.4,0.3,0.5,7.5,0.0,0.3,0.0,6.14,-1.14,0.18,Uruguay,Centre-Forward,18,45000000.0,striker,1,0,0,0,0,0,0,south_american_other,0,0,0,0,0,0,0,0,0,1
Manuel Akanji,Man City,30,DMC,cdm,26.0,2015.0,0.0,0.0,0.0,0.0,3.0,0.6,94.1,1.2,6.44,0.7,0.3,0.7,2.4,0.2,0.3,0.3,0.1,0.3,66.2,0.1,2.2,0.0,1.42,-1.42,0.09,Switzerland,Centre-Back,18,28000000.0,centre_back,0,0,0,0,0,0,0,other_europe,0,0,0,0,0,0,0,0,0,0
Jack Grealish,Man City,30,FW,striker,20.0,716.0,1.0,1.0,0.1257,0.1257,3.0,0.8,91.0,0.1,6.44,0.5,0.1,0.3,0.3,0.2,0.1,1.2,0.7,1.3,20.6,0.2,0.5,0.0,1.52,-0.52,0.1,England,Left Winger,18,28000000.0,winger,0,1,0,0,0,0,0,english,0,0,1,0,0,0,0,0,0,0
Myles Lewis-Skelly,Arsenal,19,D(L),fullback,23.0,1372.0,1.0,0.0,0.0656,0.0,3.0,0.1,93.6,0.5,6.44,1.0,0.3,0.5,1.0,0.0,0.0,0.3,0.5,2.0,29.0,0.2,0.3,0.0,0.25,0.75,0.08,England,Left-Back,18,45000000.0,fullback,0,0,0,0,0,1,0,english,0,0,1,0,0,0,0,0,0,0
Alex Scott,Bournemouth,22,M(CR),central_mid,20.0,753.0,0.0,0.0,0.0,0.0,3.0,0.8,85.2,0.4,6.44,1.4,0.5,0.9,0.6,1.2,0.2,0.6,0.3,1.3,16.6,0.1,0.8,0.1,0.78,-0.78,0.05,England,Central Midfield,18,20000000.0,central_mid,0,0,0,1,0,0,0,english,0,0,1,0,0,0,0,0,0,0
Brajan Gruda,Brighton,21,AM(CR),attacking_mid,21.0,683.0,1.0,4.0,0.1318,0.5271,0.0,0.5,78.3,0.1,6.43,0.8,0.1,0.3,0.2,0.3,0.0,1.1,0.6,0.6,10.1,0.5,0.3,0.0,1.0,0.0,0.09,Germany,Attacking Midfield,18,25000000.0,attacking_mid,0,0,1,0,0,0,0,german,0,0,0,0,1,0,0,0,0,0
Malo Gusto,Chelsea,22,M(R),winger,32.0,1860.0,0.0,1.0,0.0,0.0484,4.0,0.7,89.0,0.3,6.42,1.4,0.8,0.6,1.3,0.7,0.3,0.7,0.1,0.6,37.9,0.3,1.2,0.0,1.46,-1.46,0.07,France,Right-Back,18,35000000.0,fullback,0,0,0,0,0,1,0,french,0,1,0,0,0,0,0,0,0,0
Pau Torres,Aston Villa,29,D(C),centre_back,24.0,2020.0,0.0,0.0,0.0,0.0,2.0,0.3,89.3,0.8,6.42,0.9,0.4,0.3,3.1,0.3,0.5,0.1,0.6,0.3,56.6,0.0,2.2,0.0,0.48,-0.48,0.06,Spain,Centre-Back,18,32000000.0,centre_back,0,0,0,0,0,0,0,spanish,0,0,0,1,0,0,0,0,0,0
Yehor Yarmoliuk,Brentford,22,DMC,cdm,31.0,1446.0,0.0,0.0,0.0,0.0,6.0,0.3,88.2,0.3,6.42,1.6,0.4,0.6,1.0,0.9,0.3,0.3,0.4,0.4,23.8,0.2,1.7,0.1,0.69,-0.69,0.08,Ukraine,Central Midfield,18,15000000.0,central_mid,0,0,0,1,0,0,0,other_europe,0,0,0,0,0,0,0,0,0,0
Christopher Nkunku,Chelsea,28,FW,striker,27.0,912.0,3.0,2.0,0.2961,0.1974,2.0,0.9,90.6,0.6,6.41,0.4,0.3,0.6,0.3,0.1,0.1,0.5,0.4,0.4,12.2,0.0,0.1,0.1,4.66,-1.66,0.19,France,Centre-Forward,18,35000000.0,striker,1,0,0,0,0,0,0,french,0,1,0,0,0,0,0,0,0,0
Jacob Ramsey,Aston Villa,24,AM(CLR),attacking_mid,29.0,1634.0,1.0,3.0,0.0551,0.1652,2.0,0.7,86.6,0.2,6.41,1.0,0.3,0.4,0.3,0.3,0.1,0.7,0.9,1.0,19.6,0.1,0.2,0.0,1.98,-0.98,0.1,England,Central Midfield,18,32000000.0,central_mid,0,0,0,1,0,0,0,english,0,0,1,0,0,0,0,0,0,0
Edson Álvarez,West Ham,28,DMC,cdm,28.0,1785.0,0.0,1.0,0.0,0.0504,7.0,0.4,86.5,1.1,6.4,1.8,0.6,1.5,1.5,0.6,0.3,0.4,0.5,0.6,35.3,0.1,1.3,0.0,0.41,-0.41,0.03,Mexico,Defensive Midfield,18,25000000.0,cdm,0,0,0,0,1,0,0,other_europe,0,0,0,0,0,0,0,0,0,0
Leon Bailey,Aston Villa,28,FW,striker,24.0,1144.0,1.0,2.0,0.0787,0.1573,3.0,1.2,77.6,0.3,6.4,0.3,0.1,0.5,0.3,0.3,0.0,0.7,0.9,0.8,14.7,0.1,0.6,0.1,2.66,-1.66,0.09,Jamaica,Right Winger,18,28000000.0,winger,0,1,0,0,0,0,0,other_europe,0,0,0,0,0,0,0,0,0,0
Santiago Bueno,Wolves,27,D(C),centre_back,29.0,1683.0,0.0,0.0,0.0,0.0,2.0,0.2,88.1,1.2,6.4,1.4,0.5,0.9,2.4,0.2,0.7,0.0,0.0,0.2,28.9,0.0,1.0,0.0,0.32,-0.32,0.05,Uruguay,Centre-Back,18,10000000.0,centre_back,0,0,0,0,0,0,0,south_american_other,0,0,0,0,0,0,0,0,0,1
Kristoffer Ajer,Brentford,27,DMC,cdm,24.0,1443.0,0.0,0.0,0.0,0.0,5.0,0.4,77.8,1.2,6.39,1.1,0.5,0.5,2.0,0.5,0.2,0.3,0.3,0.3,23.3,0.2,0.8,0.0,1.25,-1.25,0.14,Norway,Centre-Back,18,18000000.0,centre_back,0,0,0,0,0,0,0,other_europe,0,0,0,0,0,0,0,0,0,0
Guido Rodríguez,West Ham,31,DMC,cdm,23.0,1158.0,0.0,1.0,0.0,0.0777,6.0,0.3,84.9,0.5,6.39,1.6,0.6,0.8,1.3,0.7,0.4,0.2,0.1,0.5,24.5,0.0,1.1,0.0,0.23,-0.23,0.03,Argentina,Defensive Midfield,18,10000000.0,cdm,0,0,0,0,1,0,0,argentinian,0,0,0,0,0,1,0,0,0,0
Jack Harrison,Everton,29,FW,striker,34.0,2085.0,1.0,0.0,0.0432,0.0,0.0,0.9,73.3,0.1,6.39,0.9,0.3,0.4,0.9,0.9,0.1,1.0,0.7,0.8,15.1,0.9,0.4,0.1,3.55,-2.55,0.12,England,Left Winger,18,14000000.0,winger,0,1,0,0,0,0,0,english,0,0,1,0,0,0,0,0,0,0
Lewis Dunk,Brighton,34,D(C),centre_back,25.0,2083.0,0.0,0.0,0.0,0.0,5.0,0.5,91.4,2.1,6.39,0.7,0.5,0.3,3.1,0.3,0.7,0.2,0.0,0.4,77.4,0.0,3.6,0.1,1.22,-1.22,0.1,England,Centre-Back,18,6000000.0,centre_back,0,0,0,0,0,0,0,english,0,0,1,0,0,0,0,0,0,0
Yves Bissouma,Tottenham,29,M(C),central_mid,28.0,1408.0,2.0,0.0,0.1278,0.0,7.0,0.4,89.0,0.3,6.39,1.8,0.6,1.0,1.3,0.5,0.2,0.2,0.3,0.6,30.2,0.0,0.7,0.0,0.49,1.51,0.04,Mali,Defensive Midfield,18,25000000.0,cdm,0,0,0,0,1,0,0,african,0,0,0,0,0,0,0,1,0,0
Mathias Jensen,Brentford,30,M(CR),central_mid,24.0,857.0,0.0,2.0,0.0,0.21,2.0,0.3,81.7,0.3,6.37,0.6,0.3,0.3,0.5,0.3,0.2,0.7,0.4,0.4,16.8,0.5,1.4,0.0,0.26,-0.26,0.04,Denmark,Central Midfield,18,14000000.0,central_mid,0,0,0,1,0,0,0,other_europe,0,0,0,0,0,0,0,0,0,0
David Brooks,Bournemouth,28,FW,striker,29.0,952.0,2.0,0.0,0.1891,0.0,3.0,0.9,82.2,0.2,6.37,0.5,0.2,0.4,0.3,0.5,0.1,0.7,0.4,0.6,12.0,0.5,0.4,0.0,2.59,-0.59,0.1,Wales,Right Winger,18,10000000.0,winger,0,1,0,0,0,0,0,other_europe,0,0,0,0,0,0,0,0,0,0
Adam Smith,Bournemouth,34,M(LR),winger,25.0,1599.0,0.0,0.0,0.0,0.0,7.0,0.1,78.7,0.6,6.35,1.0,0.6,0.8,1.5,0.5,0.2,0.3,0.2,0.5,21.0,0.3,0.8,0.0,0.34,-0.34,0.11,England,Right-Back,18,750000.0,fullback,0,0,0,0,0,1,0,english,0,0,1,0,0,0,0,0,0,0
Eddie Nketiah,Crystal Palace,26,FW,striker,29.0,1029.0,3.0,1.0,0.2624,0.0875,4.0,1.5,75.7,0.7,6.34,0.5,0.1,1.1,0.3,0.2,0.0,0.4,0.4,1.0,8.1,0.0,0.3,0.0,7.64,-4.64,0.18,England,Centre-Forward,18,18000000.0,striker,1,0,0,0,0,0,0,english,0,0,1,0,0,0,0,0,0,0
Pablo Sarabia,Wolves,33,FW,striker,24.0,809.0,3.0,2.0,0.3337,0.2225,3.0,0.7,76.1,0.3,6.34,0.7,0.2,0.7,0.3,0.3,0.0,0.6,0.3,0.6,15.8,0.4,0.8,0.1,2.99,0.01,0.18,Spain,Attacking Midfield,18,5000000.0,attacking_mid,0,0,1,0,0,0,0,spanish,0,0,0,1,0,0,0,0,0,0
Simon Adingra,Brighton,24,FW,striker,29.0,1091.0,2.0,2.0,0.165,0.165,0.0,1.1,81.9,0.2,6.34,0.8,0.3,0.4,0.2,0.6,0.0,0.6,0.7,0.1,11.4,0.3,0.2,0.0,3.32,-1.32,0.1,Cote d'Ivoire,Left Winger,18,28000000.0,winger,0,1,0,0,0,0,0,other_europe,0,0,0,0,0,0,0,0,0,0
Vladimír Coufal,West Ham,33,M(R),winger,22.0,1063.0,0.0,0.0,0.0,0.0,5.0,0.3,82.2,1.0,6.33,1.0,0.4,1.0,1.6,0.5,0.5,0.4,0.2,0.7,21.5,0.4,0.5,0.0,0.26,-0.26,0.04,Czech Republic,Right-Back,18,5000000.0,fullback,0,0,0,0,0,1,0,other_europe,0,0,0,0,0,0,0,0,0,0
Leny Yoro,Man Utd,20,D(C),centre_back,21.0,1165.0,0.0,0.0,0.0,0.0,5.0,0.2,92.5,0.8,6.33,1.4,0.9,0.4,2.0,0.3,0.1,0.1,0.1,0.1,36.0,0.0,0.9,0.0,1.1,-1.1,0.22,France,Centre-Back,18,55000000.0,centre_back,0,0,0,0,0,0,0,french,0,1,0,0,0,0,0,0,0,0
Daichi Kamada,Crystal Palace,29,FW,striker,34.0,1558.0,0.0,0.0,0.0,0.0,4.0,0.6,82.5,0.1,6.32,1.4,0.5,0.8,0.4,0.8,0.1,0.6,0.2,0.6,21.1,0.3,0.7,0.0,1.16,-1.16,0.06,Japan,Attacking Midfield,18,12000000.0,attacking_mid,0,0,1,0,0,0,0,asian,0,0,0,0,0,0,0,0,1,0
Joshua Zirkzee,Man Utd,24,FW,striker,32.0,1395.0,3.0,1.0,0.1935,0.0645,2.0,0.9,72.1,0.7,6.32,0.4,0.2,0.3,0.3,0.2,0.1,0.4,0.3,0.4,12.7,0.0,0.2,0.1,4.86,-1.86,0.17,Netherlands,Centre-Forward,18,30000000.0,striker,1,0,0,0,0,0,0,other_europe,0,0,0,0,0,0,0,0,0,0
Issa Diop,Fulham,29,D(C),centre_back,21.0,1336.0,0.0,0.0,0.0,0.0,2.0,0.2,87.5,1.0,6.32,1.2,0.4,0.5,3.3,0.2,0.3,0.1,0.0,0.2,36.0,0.0,1.9,0.0,0.51,-0.51,0.1,Morocco,Centre-Back,18,14000000.0,centre_back,0,0,0,0,0,0,0,african,0,0,0,0,0,0,0,1,0,0
Rodrigo Gomes,Wolves,22,M(LR),winger,25.0,799.0,2.0,0.0,0.2253,0.0,0.0,0.3,70.7,0.3,6.31,0.9,0.3,0.2,0.6,0.4,0.0,0.5,0.2,0.2,9.8,0.2,0.2,0.0,0.72,1.28,0.1,Portugal,Left Midfield,18,15000000.0,winger,0,1,0,0,0,0,0,portuguese,0,0,0,0,0,0,1,0,0,0
Carlos Soler,West Ham,29,M(CLR),central_mid,31.0,1407.0,1.0,1.0,0.064,0.064,6.0,0.8,88.7,0.4,6.29,0.5,0.3,0.8,0.6,0.5,0.2,0.6,0.3,0.6,20.3,0.3,0.6,0.1,2.32,-1.32,0.09,Spain,Central Midfield,18,18000000.0,central_mid,0,0,0,1,0,0,0,spanish,0,0,0,1,0,0,0,0,0,0
Tom Cairney,Fulham,35,M(CR),central_mid,25.0,615.0,2.0,0.0,0.2927,0.0,3.0,0.4,92.7,0.2,6.28,0.5,0.2,0.3,0.1,0.1,0.0,0.4,0.2,0.8,24.2,0.2,0.7,0.0,0.92,1.08,0.08,Scotland,Central Midfield,18,1500000.0,central_mid,0,0,0,1,0,0,0,other_europe,0,0,0,0,0,0,0,0,0,0
Rasmus Højlund,Man Utd,23,FW,striker,32.0,2013.0,4.0,0.0,0.1788,0.0,2.0,1.0,76.3,1.0,6.27,0.1,0.1,0.5,0.2,0.2,0.0,0.5,0.3,0.9,10.2,0.1,0.0,0.1,5.82,-1.82,0.18,Denmark,Centre-Forward,18,35000000.0,striker,1,0,0,0,0,0,0,other_europe,0,0,0,0,0,0,0,0,0,0
Joe Willock,Newcastle,26,M(C),central_mid,32.0,1077.0,0.0,2.0,0.0,0.1671,4.0,0.6,87.0,0.2,6.25,0.9,0.2,0.7,0.2,0.4,0.2,0.7,0.4,0.4,10.6,0.0,0.2,0.0,2.35,-2.35,0.13,England,Central Midfield,18,22000000.0,central_mid,0,0,0,1,0,0,0,english,0,0,1,0,0,0,0,0,0,0
Sean Longstaff,Newcastle,28,DMC,cdm,25.0,788.0,0.0,0.0,0.0,0.0,2.0,0.2,86.0,0.4,6.25,1.1,0.3,0.4,0.3,0.4,0.2,0.2,0.1,0.2,13.7,0.0,0.4,0.0,0.5,-0.5,0.08,England,Central Midfield,18,20000000.0,central_mid,0,0,0,1,0,0,0,english,0,0,1,0,0,0,0,0,0,0
Gonçalo Guedes,Wolves,29,FW,striker,29.0,989.0,2.0,4.0,0.182,0.364,1.0,0.9,77.4,0.2,6.22,0.6,0.2,0.5,0.1,0.4,0.0,0.5,0.3,0.6,10.7,0.2,0.3,0.0,3.24,-1.24,0.12,Portugal,Left Winger,18,11000000.0,winger,0,1,0,0,0,0,0,portuguese,0,0,0,0,0,0,1,0,0,0
Justin Devenny,Crystal Palace,22,M(CL),central_mid,23.0,498.0,1.0,1.0,0.1807,0.1807,1.0,0.4,78.0,0.1,6.19,0.7,0.0,0.3,0.5,0.5,0.0,0.3,0.1,0.0,8.1,0.1,0.3,0.0,0.99,0.01,0.1,Northern Ireland,Attacking Midfield,18,6000000.0,attacking_mid,0,0,1,0,0,0,0,other_europe,0,0,0,0,0,0,0,0,0,0
Wataru Endo,Liverpool,33,DMC,cdm,20.0,261.0,0.0,0.0,0.0,0.0,0.0,0.0,94.2,0.2,6.18,0.6,0.3,0.8,0.4,0.2,0.1,0.1,0.1,0.4,9.5,0.0,0.2,0.0,0.0,0.0,0.0,Japan,Defensive Midfield,18,8000000.0,cdm,0,0,0,0,1,0,0,asian,0,0,0,0,0,0,0,0,1,0
Archie Gray,Tottenham,20,DMC,cdm,28.0,1746.0,0.0,0.0,0.0,0.0,1.0,0.0,89.3,0.4,6.17,0.6,0.7,0.6,1.7,0.4,0.4,0.1,0.3,0.4,38.5,0.0,1.2,0.0,0.02,-0.02,0.02,England,Central Midfield,18,38000000.0,central_mid,0,0,0,1,0,0,0,english,0,0,1,0,0,0,0,0,0,0
Tommy Doyle,Wolves,24,M(C),central_mid,24.0,477.0,0.0,1.0,0.0,0.1887,1.0,0.4,85.4,0.0,6.15,0.5,0.2,0.2,0.5,0.4,0.2,0.3,0.2,0.2,15.4,0.1,1.7,0.0,0.72,-0.72,0.08,England,Central Midfield,18,10000000.0,central_mid,0,0,0,1,0,0,0,english,0,0,1,0,0,0,0,0,0,0
Hwang Hee-Chan,Wolves,30,FW,striker,21.0,652.0,2.0,0.0,0.2761,0.0,0.0,0.2,83.6,0.1,6.14,0.3,0.1,0.3,0.5,0.2,0.0,0.1,0.1,0.4,9.0,0.1,0.0,0.0,0.74,1.26,0.15,"Korea, South",Centre-Forward,18,12000000.0,striker,1,0,0,0,0,0,0,other_europe,0,0,0,0,0,0,0,0,0,0
Rúben Dias,Man City,28,D(C),centre_back,0.0,0.0,0.0,0.0,0.0,0.0,0.0,0.0,0.0,0.0,0.0,0.6,0.7,0.4,2.6,0.2,0.7,0.2,0.1,0.3,85.5,0.0,3.1,0.0,1.61,-1.61,0.08,Portugal,Centre-Back,18,65000000.0,centre_back,0,0,0,0,0,0,0,portuguese,0,0,0,0,0,0,1,0,0,0
Rodrigo Bentancur,Tottenham,28,M(C),central_mid,0.0,0.0,0.0,0.0,0.0,0.0,0.0,0.0,0.0,0.0,0.0,1.5,1.5,1.3,1.4,0.8,0.3,0.4,0.3,0.4,41.1,0.1,0.9,0.0,1.43,0.57,0.06,Uruguay,Defensive Midfield,18,30000000.0,cdm,0,0,0,0,1,0,0,south_american_other,0,0,0,0,0,0,0,0,0,1
Joël Veltman,Brighton,34,M(R),winger,0.0,0.0,0.0,0.0,0.0,0.0,0.0,0.0,0.0,0.0,0.0,2.0,0.9,1.3,3.0,1.0,0.3,0.3,0.2,2.1,36.9,0.4,1.5,0.0,0.54,-0.54,0.09,Netherlands,Right-Back,18,4000000.0,fullback,0,0,0,0,0,1,0,other_europe,0,0,0,0,0,0,0,0,0,0
Harry Wilson,Fulham,28,FW,striker,0.0,0.0,0.0,0.0,0.0,0.0,0.0,0.0,0.0,0.0,0.0,0.8,0.3,0.5,0.4,0.2,0.0,0.8,0.4,0.9,16.0,0.4,0.6,0.0,3.97,2.03,0.09,Wales,Right Winger,18,15000000.0,winger,0,1,0,0,0,0,0,other_europe,0,0,0,0,0,0,0,0,0,0
Beto,Everton,28,FW,striker,0.0,0.0,0.0,0.0,0.0,0.0,0.0,0.0,0.0,0.0,0.0,0.5,0.1,1.1,0.8,0.1,0.1,0.4,0.6,0.8,8.8,0.0,0.1,0.0,9.44,-1.44,0.19,Guinea-Bissau,Centre-Forward,18,22000000.0,striker,1,0,0,0,0,0,0,african,0,0,0,0,0,0,0,1,0,0
Boubacar Kamara,Aston Villa,26,DMC,cdm,0.0,0.0,0.0,0.0,0.0,0.0,0.0,0.0,0.0,0.0,0.0,1.9,0.7,1.2,1.8,1.0,0.3,0.4,0.3,1.3,35.8,0.0,1.0,0.0,0.77,0.23,0.08,France,Defensive Midfield,18,40000000.0,cdm,0,0,0,0,1,0,0,french,0,1,0,0,0,0,0,0,0,0
João Gomes,Wolves,25,M(C),central_mid,0.0,0.0,0.0,0.0,0.0,0.0,0.0,0.0,0.0,0.0,0.0,3.2,0.7,1.9,0.9,1.7,0.1,0.6,0.8,1.3,43.7,0.2,1.2,0.1,2.9,0.1,0.08,Brazil,Central Midfield,18,40000000.0,central_mid,0,0,0,1,0,0,0,brazilian,1,0,0,0,0,0,0,0,0,0
Ethan Nwaneri,Arsenal,18,AM(CR),attacking_mid,0.0,0.0,0.0,0.0,0.0,0.0,0.0,0.0,0.0,0.0,0.0,0.4,0.1,0.3,0.2,0.5,0.1,0.6,1.4,0.2,14.0,0.5,0.3,0.1,1.62,2.38,0.07,England,Attacking Midfield,18,55000000.0,attacking_mid,0,0,1,0,0,0,0,english,0,0,1,0,0,0,0,0,0,0
Destiny Udogie,Tottenham,23,M(L),winger,0.0,0.0,0.0,0.0,0.0,0.0,0.0,0.0,0.0,0.0,0.0,3.0,0.9,1.2,1.1,0.6,0.2,0.6,0.5,1.5,38.1,0.2,0.5,0.0,0.32,-0.32,0.06,Italy,Left-Back,18,40000000.0,fullback,0,0,0,0,0,1,0,other_europe,0,0,0,0,0,0,0,0,0,0
Matt Doherty,Wolves,34,M(LR),winger,0.0,0.0,0.0,0.0,0.0,0.0,0.0,0.0,0.0,0.0,0.0,1.3,0.7,0.6,3.2,0.3,0.5,0.4,0.4,0.4,40.3,0.0,2.5,0.1,1.65,0.35,0.16,Ireland,Right-Back,18,2000000.0,fullback,0,0,0,0,0,1,0,other_europe,0,0,0,0,0,0,0,0,0,0
Timothy Castagne,Fulham,30,M(LR),winger,0.0,0.0,0.0,0.0,0.0,0.0,0.0,0.0,0.0,0.0,0.0,1.9,0.9,0.6,3.1,0.8,0.3,0.4,0.2,0.3,32.8,0.2,1.0,0.0,0.52,-0.52,0.06,Belgium,Right-Back,18,13000000.0,fullback,0,0,0,0,0,1,0,other_europe,0,0,0,0,0,0,0,0,0,0
Jadon Sancho,Chelsea,25,AM(CLR),attacking_mid,0.0,0.0,0.0,0.0,0.0,0.0,0.0,0.0,0.0,0.0,0.0,0.4,0.1,0.2,0.2,0.2,0.0,1.2,1.5,0.4,24.8,0.0,0.3,0.1,2.62,0.38,0.11,England,Left Winger,18,28000000.0,winger,0,1,0,0,0,0,0,english,0,0,1,0,0,0,0,0,0,0
Bernd Leno,Fulham,34,GK,goalkeeper,0.0,0.0,0.0,0.0,0.0,0.0,0.0,0.0,0.0,0.0,0.0,0.1,0.0,0.0,0.8,0.0,0.0,0.1,0.0,0.1,32.5,0.0,4.5,0.0,0.0,0.0,0.0,Germany,Goalkeeper,18,10000000.0,goalkeeper,0,0,0,0,0,0,1,german,0,0,0,0,1,0,0,0,0,0
Adam Wharton,Crystal Palace,22,DMC,cdm,0.0,0.0,0.0,0.0,0.0,0.0,0.0,0.0,0.0,0.0,0.0,1.7,1.0,0.6,1.4,1.4,0.1,1.3,0.1,1.1,34.0,0.7,2.0,0.1,0.35,-0.35,0.03,England,Defensive Midfield,18,45000000.0,cdm,0,0,0,0,1,0,0,english,0,0,1,0,0,0,0,0,0,0
Ederson,Man City,32,GK,goalkeeper,0.0,0.0,0.0,0.0,0.0,0.0,0.0,0.0,0.0,0.0,0.0,0.0,0.0,0.0,0.6,0.1,0.0,0.2,0.0,0.0,31.3,0.0,5.3,0.0,0.0,0.0,0.0,Brazil,Goalkeeper,18,20000000.0,goalkeeper,0,0,0,0,0,0,1,brazilian,1,0,0,0,0,0,0,0,0,0
Jack Hinshelwood,Brighton,20,M(C),central_mid,0.0,0.0,0.0,0.0,0.0,0.0,0.0,0.0,0.0,0.0,0.0,1.0,0.6,0.7,1.4,0.6,0.1,0.7,0.1,0.3,36.3,0.2,1.3,0.0,3.46,1.54,0.19,England,Defensive Midfield,18,24000000.0,cdm,0,0,0,0,1,0,0,english,0,0,1,0,0,0,0,0,0,0
Robert Sánchez,Chelsea,28,GK,goalkeeper,0.0,0.0,0.0,0.0,0.0,0.0,0.0,0.0,0.0,0.0,0.0,0.0,0.1,0.1,1.1,0.0,0.0,0.1,0.0,0.1,32.9,0.0,4.3,0.0,0.0,0.0,0.0,Spain,Goalkeeper,18,20000000.0,goalkeeper,0,0,0,0,0,0,1,spanish,0,0,0,1,0,0,0,0,0,0
Diogo Jota,Liverpool,29,FW,striker,0.0,0.0,0.0,0.0,0.0,0.0,0.0,0.0,0.0,0.0,0.0,0.5,0.3,0.9,0.2,0.5,0.0,0.4,0.4,0.5,11.5,0.1,0.4,0.0,9.85,-3.85,0.19,Portugal,Left Winger,18,40000000.0,winger,0,1,0,0,0,0,0,portuguese,0,0,0,0,0,0,1,0,0,0
André,Wolves,24,DMC,cdm,0.0,0.0,0.0,0.0,0.0,0.0,0.0,0.0,0.0,0.0,0.0,2.8,1.1,1.1,0.9,0.8,0.2,0.5,0.5,1.0,40.5,0.0,1.6,0.1,0.39,-0.39,0.04,Brazil,Defensive Midfield,18,28000000.0,cdm,0,0,0,0,1,0,0,brazilian,1,0,0,0,0,0,0,0,0,0
Ezri Konsa,Aston Villa,28,D(CR),centre_back,0.0,0.0,0.0,0.0,0.0,0.0,0.0,0.0,0.0,0.0,0.0,1.0,0.7,0.3,3.1,0.1,0.3,0.2,0.2,1.4,48.0,0.0,1.0,0.1,1.54,0.46,0.14,England,Centre-Back,18,35000000.0,centre_back,0,0,0,0,0,0,0,english,0,0,1,0,0,0,0,0,0,0
Georginio Rutter,Brighton,23,FW,striker,0.0,0.0,0.0,0.0,0.0,0.0,0.0,0.0,0.0,0.0,0.0,1.4,0.4,1.2,0.4,0.8,0.1,0.7,1.0,1.6,12.3,0.0,0.3,0.1,6.11,-1.11,0.12,France,Centre-Forward,18,32000000.0,striker,1,0,0,0,0,0,0,french,0,1,0,0,0,0,0,0,0,0
Jefferson Lerma,Crystal Palace,31,DMC,cdm,0.0,0.0,0.0,0.0,0.0,0.0,0.0,0.0,0.0,0.0,0.0,1.1,1.3,1.1,2.4,0.5,0.5,0.3,0.2,1.2,32.0,0.2,1.6,0.1,1.3,-1.3,0.05,Colombia,Defensive Midfield,18,10000000.0,cdm,0,0,0,0,1,0,0,south_american_other,0,0,0,0,0,0,0,0,0,1
