player_name,club,age,position,position_group_ws,apps,minutes_played,goals,assists,goals_per_90,assists_per_90,yellow_cards,shots_per_game,pass_success_pct,aerials_won,rating,tackles_per_game,interceptions_per_game,fouls_per_game,clearances_per_game,dribbled_past_per_game,blocks_per_game,key_passes_per_game,dribbles_per_game,fouled_per_game,avg_passes_per_game,crosses_per_game,long_balls_per_game,through_balls_per_game,xg,xg_diff,xg_per_shot,market_value_eur,nationality,position_tm,contract_months_remaining,tm_match_score
Mohamed Salah,Liverpool,33,FW,striker,38.0,3380.0,29.0,18.0,0.7722,0.4793,1.0,3.4,73.9,0.2,7.61,0.6,0.2,0.7,0.1,0.2,0.0,2.3,1.5,1.0,30.4,0.4,0.7,0.2,28.01,0.99,0.22,30000000.0,Egypt,Right Winger,,100.0
Bukayo Saka,Arsenal,24,M(CLR),central_mid,25.0,1737.0,6.0,10.0,0.3109,0.5181,3.0,2.7,84.3,0.4,7.37,1.2,0.1,0.6,0.2,0.4,0.0,2.3,1.6,1.6,23.9,1.5,0.3,0.0,8.01,-2.01,0.12,120000000.0,England,Right Winger,,100.0
Cole Palmer,Chelsea,23,FW,striker,37.0,3199.0,15.0,8.0,0.422,0.2251,7.0,3.4,83.1,0.1,7.33,0.9,0.3,0.4,0.5,0.4,0.0,2.4,1.4,1.6,35.4,0.9,2.5,0.3,16.89,-1.89,0.13,110000000.0,England,Attacking Midfield,,100.0
Bryan Mbeumo,Brentford,26,FW,striker,38.0,3417.0,20.0,7.0,0.5268,0.1844,3.0,2.2,73.9,0.9,7.33,1.3,0.4,0.7,1.3,0.4,0.1,1.8,1.4,1.2,28.7,1.3,0.8,0.2,13.21,6.79,0.16,80000000.0,Cameroon,Right Winger,,100.0
Erling Haaland,Man City,25,FW,striker,31.0,2742.0,22.0,3.0,0.7221,0.0985,2.0,3.5,67.5,1.8,7.32,0.4,0.2,0.8,0.7,0.2,0.0,0.9,0.4,0.4,12.1,0.0,0.1,0.0,23.05,-1.05,0.21,200000000.0,Norway,Centre-Forward,,100.0
Matheus Cunha,Wolves,26,FW,striker,33.0,2604.0,15.0,6.0,0.5184,0.2074,4.0,3.3,79.3,0.4,7.32,1.2,0.5,1.3,0.6,0.8,0.0,1.7,1.8,2.2,28.8,0.8,1.5,0.2,8.7,6.3,0.08,70000000.0,Brazil,Centre-Forward,,100.0
Alexander Isak,Newcastle,26,FW,striker,34.0,2774.0,23.0,6.0,0.7462,0.1947,1.0,2.9,77.1,0.8,7.3,0.4,0.1,0.8,0.5,0.3,0.1,1.2,1.2,0.4,19.4,0.1,0.4,0.1,21.32,1.68,0.22,100000000.0,Sweden,Centre-Forward,,100.0
Bruno Fernandes,Man Utd,31,FW,striker,36.0,3024.0,8.0,10.0,0.2381,0.2976,3.0,2.7,81.5,0.6,7.2,2.3,0.7,0.9,0.8,1.4,0.2,2.5,0.8,1.1,56.1,1.2,4.5,0.4,9.91,-1.91,0.1,40000000.0,Portugal,Attacking Midfield,,100.0
Mark Travers,Bournemouth,26,GK,goalkeeper,5.0,450.0,0.0,0.0,0.0,0.0,0.0,0.0,62.8,0.2,7.2,0.0,0.0,0.0,0.0,0.0,0.0,0.0,0.0,0.0,0.0,0.0,0.0,0.0,0.0,0.0,0.0,4000000.0,Ireland,Goalkeeper,,100.0
Antoine Semenyo,Bournemouth,26,FW,striker,37.0,3210.0,11.0,5.0,0.3084,0.1402,9.0,3.4,78.2,1.8,7.2,1.5,0.3,2.0,0.9,0.7,0.2,1.2,1.9,1.0,26.9,0.2,0.5,0.1,12.87,-1.87,0.1,75000000.0,Ghana,Right Winger,,100.0
Amad Diallo,Man Utd,23,M(CR),central_mid,26.0,1903.0,8.0,6.0,0.3783,0.2838,5.0,1.8,85.9,0.4,7.17,1.5,0.4,0.8,0.6,0.5,0.1,1.9,1.6,1.1,32.8,0.7,0.5,0.0,4.51,3.49,0.1,50000000.0,Cote d'Ivoire,Right Winger,,100.0
Jarrod Bowen,West Ham,29,FW,striker,34.0,2980.0,13.0,8.0,0.3926,0.2416,1.0,2.6,79.1,0.4,7.15,1.2,0.5,0.6,0.6,0.6,0.1,1.5,1.3,1.5,20.6,0.8,0.6,0.1,9.7,3.3,0.11,35000000.0,England,Right Winger,,100.0
Omar Marmoush,Man City,27,FW,striker,16.0,1183.0,7.0,0.0,0.5325,0.0,0.0,3.1,84.3,0.3,7.13,0.0,0.0,0.0,0.0,0.0,0.0,0.0,0.0,0.0,0.0,0.0,0.0,0.0,0.0,0.0,0.0,60000000.0,Egypt,Centre-Forward,,100.0
Daniel Muñoz,Crystal Palace,29,M(R),winger,37.0,3233.0,4.0,5.0,0.1114,0.1392,10.0,1.0,75.1,1.6,7.11,3.3,1.2,1.5,2.5,1.1,0.2,1.2,0.6,0.5,30.7,0.5,0.8,0.0,5.4,-1.4,0.15,27000000.0,Colombia,Right-Back,,100.0
Jérémy Doku,Man City,23,M(CLR),central_mid,29.0,1515.0,3.0,6.0,0.1782,0.3564,1.0,1.0,84.4,0.0,7.11,1.1,0.1,0.3,0.1,0.2,0.0,1.1,3.7,1.1,24.1,0.4,0.2,0.1,1.68,1.32,0.06,65000000.0,Belgium,Left Winger,,100.0
James Tarkowski,Everton,33,D(C),centre_back,33.0,2924.0,1.0,1.0,0.0308,0.0308,6.0,0.5,81.6,3.1,7.09,1.9,1.2,1.1,6.3,0.5,1.3,0.5,0.2,0.8,38.7,0.0,3.9,0.1,1.41,-0.41,0.09,7000000.0,England,Centre-Back,,100.0
Declan Rice,Arsenal,27,DMC,cdm,35.0,2833.0,4.0,7.0,0.1271,0.2224,5.0,1.4,89.8,1.1,7.09,1.5,0.7,0.6,1.4,0.7,0.4,1.7,0.4,0.5,42.2,1.3,1.7,0.0,3.65,0.35,0.08,120000000.0,England,Central Midfield,,100.0
Eberechi Eze,Crystal Palace,27,AM(CLR),attacking_mid,34.0,2604.0,8.0,8.0,0.2765,0.2765,1.0,3.0,81.5,0.2,7.09,1.1,0.3,0.4,0.2,0.6,0.0,1.7,2.0,1.5,26.9,0.9,1.1,0.1,10.45,-2.45,0.1,60000000.0,England,Attacking Midfield,,100.0
Alexis Mac Allister,Liverpool,27,FW,striker,35.0,2608.0,5.0,5.0,0.1725,0.1725,6.0,1.1,87.2,0.5,7.08,2.7,0.6,1.8,0.8,1.4,0.2,1.3,0.5,1.1,40.7,0.6,1.4,0.1,3.19,1.81,0.08,80000000.0,Argentina,Central Midfield,,100.0
Youri Tielemans,Aston Villa,28,M(C),central_mid,36.0,3033.0,3.0,7.0,0.089,0.2077,4.0,1.1,86.0,0.7,7.08,2.3,0.6,1.1,1.3,0.9,0.4,1.7,0.9,1.6,53.7,0.8,2.3,0.3,3.74,-0.74,0.09,35000000.0,Belgium,Central Midfield,,100.0
Virgil van Dijk,Liverpool,34,D(C),centre_back,37.0,3330.0,3.0,1.0,0.0811,0.027,5.0,0.7,91.7,3.2,7.07,1.0,1.5,0.5,5.1,0.2,0.4,0.3,0.1,0.4,79.0,0.0,4.2,0.0,2.66,0.34,0.1,18000000.0,Netherlands,Centre-Back,,100.0
Aaron Wan-Bissaka,West Ham,28,M(R),winger,36.0,3155.0,2.0,5.0,0.0571,0.1426,1.0,0.4,82.8,0.6,7.07,1.9,1.8,0.7,3.1,0.3,0.3,0.9,1.8,0.8,41.8,0.4,0.8,0.1,1.13,0.87,0.07,22000000.0,DR Congo,Right-Back,,100.0
Antonee Robinson,Fulham,28,M(L),winger,36.0,3167.0,0.0,10.0,0.0,0.2842,8.0,0.4,81.0,1.4,7.07,2.6,1.7,0.9,3.4,1.4,0.3,1.2,1.1,0.6,45.2,1.2,1.9,0.0,0.95,-0.95,0.06,25000000.0,United States,Left-Back,,100.0
Moisés Caicedo,Chelsea,24,DMC,cdm,38.0,3356.0,1.0,2.0,0.0268,0.0536,11.0,0.5,90.2,0.9,7.02,3.0,1.3,1.8,1.4,0.8,0.3,0.8,0.8,1.5,56.7,0.1,2.5,0.1,0.88,0.12,0.04,110000000.0,Ecuador,Defensive Midfield,,100.0
Mikkel Damsgaard,Brentford,25,AM(CL),attacking_mid,38.0,2930.0,2.0,10.0,0.0614,0.3072,2.0,0.9,77.6,0.3,7.01,2.2,0.7,0.5,0.8,1.3,0.1,1.7,1.3,0.7,36.0,0.9,1.6,0.3,3.11,-1.11,0.09,30000000.0,Denmark,Attacking Midfield,,100.0
Jacob Murphy,Newcastle,31,M(LR),winger,35.0,2380.0,8.0,12.0,0.3025,0.4538,4.0,1.2,75.5,0.1,7.01,0.8,0.4,0.3,0.8,0.7,0.0,1.2,1.0,0.4,24.1,0.6,0.7,0.1,6.17,1.83,0.14,15000000.0,England,Right Winger,,100.0
Yoane Wissa,Brentford,29,FW,striker,35.0,2930.0,19.0,4.0,0.5836,0.1229,5.0,2.6,79.6,0.9,7.0,0.6,0.2,1.0,0.5,0.5,0.2,0.8,0.4,1.5,16.1,0.0,0.4,0.0,20.19,-1.19,0.22,30000000.0,DR Congo,Centre-Forward,,100.0
Josko Gvardiol,Man City,24,D(CL),centre_back,37.0,3280.0,5.0,0.0,0.1372,0.0,2.0,1.1,91.4,1.5,7.0,1.6,1.2,0.4,3.0,0.5,0.5,0.7,0.7,0.7,68.3,0.1,1.8,0.1,5.01,-0.01,0.13,70000000.0,Croatia,Centre-Back,,100.0
Kai Havertz,Arsenal,26,FW,striker,23.0,1875.0,9.0,3.0,0.432,0.144,5.0,2.3,79.8,2.8,7.0,0.7,0.3,1.7,1.4,0.5,0.2,0.7,0.4,1.0,21.8,0.1,0.0,0.0,11.81,-2.81,0.22,50000000.0,Germany,Centre-Forward,,100.0
Iliman Ndiaye,Everton,26,FW,striker,33.0,2441.0,9.0,0.0,0.3318,0.0,3.0,1.1,84.9,0.2,6.99,1.6,0.6,0.7,0.5,0.8,0.2,0.5,2.1,1.6,20.9,0.3,0.5,0.0,6.55,2.45,0.18,50000000.0,Senegal,Right Winger,,100.0
Bruno Guimarães,Newcastle,28,DMC,cdm,38.0,3286.0,5.0,6.0,0.1369,0.1643,7.0,1.2,83.7,0.5,6.98,2.2,0.8,1.7,1.1,0.9,0.3,1.4,0.9,2.8,46.3,0.2,2.3,0.3,4.43,0.57,0.1,75000000.0,Brazil,Central Midfield,,100.0
Mateo Kovacic,Man City,31,M(CL),central_mid,31.0,2205.0,6.0,2.0,0.2449,0.0816,5.0,1.5,92.8,0.3,6.97,2.2,0.8,0.8,0.7,1.1,0.0,1.1,0.7,0.8,60.6,0.0,1.4,0.2,2.08,3.92,0.05,12000000.0,Croatia,Central Midfield,,100.0
Christian Nørgaard,Brentford,32,DMC,cdm,34.0,2831.0,5.0,4.0,0.159,0.1272,8.0,1.1,82.7,1.5,6.95,2.3,1.4,1.3,1.9,1.0,0.6,0.5,0.2,0.8,41.0,0.1,1.9,0.0,5.73,-0.73,0.15,7000000.0,Denmark,Defensive Midfield,,100.0
Rayan Aït-Nouri,Wolves,24,M(L),winger,37.0,3129.0,4.0,7.0,0.1151,0.2013,5.0,1.0,86.7,0.6,6.95,2.4,0.7,0.8,1.8,0.7,0.2,1.2,1.7,1.2,37.2,0.7,0.6,0.1,3.58,0.42,0.1,40000000.0,Algeria,Left-Back,,100.0
Enzo Fernández,Chelsea,25,M(C),central_mid,36.0,2948.0,6.0,7.0,0.1832,0.2137,8.0,1.5,83.7,0.4,6.95,1.8,0.4,1.4,0.6,1.5,0.2,2.2,0.7,1.5,49.4,0.7,2.8,0.2,6.13,-0.13,0.12,90000000.0,Argentina,Central Midfield,,100.0
Ryan Gravenberch,Liverpool,23,DMC,cdm,37.0,3169.0,0.0,4.0,0.0,0.1136,6.0,0.5,89.5,0.7,6.94,1.9,1.6,1.3,1.5,0.6,0.3,0.7,1.0,1.4,51.5,0.1,1.1,0.2,1.42,-1.42,0.07,90000000.0,Netherlands,Defensive Midfield,,100.0
Alex Iwobi,Fulham,29,M(CLR),central_mid,38.0,2999.0,9.0,6.0,0.2701,0.1801,1.0,1.8,80.0,0.2,6.94,1.2,0.4,0.5,0.7,0.3,0.0,1.6,1.3,0.5,36.2,0.7,1.5,0.2,5.13,3.87,0.08,25000000.0,Nigeria,Left Winger,,100.0
Dango Ouattara,Bournemouth,24,FW,striker,32.0,2009.0,7.0,4.0,0.3136,0.1792,3.0,1.9,65.9,1.4,6.94,1.1,0.3,0.5,1.5,0.8,0.3,1.1,1.2,0.6,15.5,0.5,0.3,0.0,10.29,-3.29,0.17,35000000.0,Burkina Faso,Right Winger,,100.0
Lewis Hall,Newcastle,21,M(L),winger,27.0,2193.0,0.0,4.0,0.0,0.1642,3.0,0.4,85.4,1.1,6.93,2.1,0.7,0.3,1.9,1.3,0.7,1.3,0.4,0.8,48.6,1.2,2.1,0.0,0.47,-0.47,0.04,35000000.0,England,Left-Back,,100.0
Nathan Collins,Brentford,24,D(CR),centre_back,38.0,3420.0,2.0,3.0,0.0526,0.0789,5.0,0.4,86.3,3.1,6.93,1.1,0.9,0.8,5.8,0.4,1.5,0.3,0.2,0.8,51.6,0.1,2.1,0.1,3.15,-1.15,0.19,30000000.0,Ireland,Centre-Back,,100.0
Joelinton,Newcastle,29,FW,striker,29.0,2405.0,4.0,3.0,0.1497,0.1123,10.0,1.6,83.8,2.0,6.93,2.0,0.8,2.0,1.6,0.7,0.2,0.8,0.5,1.2,34.8,0.1,0.6,0.2,4.61,-0.61,0.1,30000000.0,Brazil,Central Midfield,,100.0
Morgan Rogers,Aston Villa,23,FW,striker,37.0,3131.0,8.0,10.0,0.23,0.2874,10.0,1.5,75.3,0.4,6.92,1.2,0.2,1.4,0.5,0.6,0.2,1.4,1.8,1.4,23.4,0.1,0.8,0.3,8.06,-0.06,0.15,80000000.0,England,Attacking Midfield,,100.0
Kaoru Mitoma,Brighton,28,M(L),winger,36.0,2612.0,10.0,4.0,0.3446,0.1378,1.0,1.6,80.8,0.8,6.92,1.3,0.4,1.1,0.2,0.8,0.1,1.0,1.4,0.7,24.7,0.3,0.4,0.1,10.66,-0.66,0.19,25000000.0,Japan,Left Winger,,100.0
Ryan Christie,Bournemouth,31,FW,striker,29.0,2131.0,2.0,3.0,0.0845,0.1267,9.0,1.1,82.1,0.8,6.92,1.9,1.0,1.5,1.7,1.3,0.4,1.4,0.8,1.1,34.4,0.5,1.9,0.1,1.83,0.17,0.06,9000000.0,Scotland,Central Midfield,,100.0
Trevoh Chalobah,Crystal Palace,26,DMC,cdm,12.0,1063.0,3.0,0.0,0.254,0.0,1.0,0.9,79.8,1.8,6.92,0.0,0.0,0.0,0.0,0.0,0.0,0.0,0.0,0.0,0.0,0.0,0.0,0.0,0.0,0.0,0.0,40000000.0,England,Centre-Back,,100.0
Jason Steele,Brighton,35,GK,goalkeeper,2.0,180.0,0.0,0.0,0.0,0.0,0.0,0.0,89.5,0.5,6.92,0.0,0.0,0.0,0.0,0.0,0.0,0.0,0.0,0.0,0.0,0.0,0.0,0.0,0.0,0.0,0.0,750000.0,England,Goalkeeper,,100.0
Savinho,Man City,21,AM(CLR),attacking_mid,29.0,1773.0,1.0,8.0,0.0508,0.4061,3.0,1.9,87.3,0.0,6.91,0.8,0.2,0.6,0.3,0.3,0.1,1.6,1.8,1.0,26.3,0.6,0.7,0.1,5.3,-4.3,0.1,40000000.0,Brazil,Left Winger,,100.0
Bernardo Silva,Man City,31,FW,striker,33.0,2668.0,4.0,4.0,0.1349,0.1349,7.0,1.0,89.0,0.2,6.91,1.7,0.7,0.8,0.9,0.9,0.2,1.6,0.8,1.0,50.8,0.4,1.4,0.1,4.29,-0.29,0.13,27000000.0,Portugal,Attacking Midfield,,100.0
Dwight McNeil,Everton,26,M(CLR),central_mid,21.0,1371.0,4.0,6.0,0.2626,0.3939,1.0,1.2,82.6,0.1,6.91,0.6,0.3,0.3,0.1,0.6,0.0,1.8,1.1,0.9,24.0,1.9,0.8,0.3,1.3,2.7,0.05,20000000.0,England,Left Winger,,100.0
Martin Ødegaard,Arsenal,27,AM(CR),attacking_mid,30.0,2332.0,3.0,8.0,0.1158,0.3087,4.0,1.6,86.9,0.3,6.9,0.6,0.2,0.4,0.2,0.7,0.0,2.1,0.8,0.8,46.3,0.6,1.3,0.5,5.65,-2.65,0.12,65000000.0,Norway,Attacking Midfield,,100.0
João Pedro,Brighton,24,FW,striker,27.0,1955.0,10.0,6.0,0.4604,0.2762,4.0,1.7,74.6,1.6,6.89,0.6,0.3,1.0,0.4,0.3,0.0,1.1,1.1,1.7,23.2,0.2,0.5,0.1,10.26,-0.26,0.22,75000000.0,Brazil,Centre-Forward,,100.0
Dominik Szoboszlai,Liverpool,25,FW,striker,36.0,2496.0,6.0,6.0,0.2163,0.2163,6.0,1.9,85.8,0.5,6.89,1.1,0.3,1.2,0.4,0.8,0.1,1.6,0.6,0.7,34.5,0.4,1.5,0.1,6.87,-0.87,0.1,100000000.0,Hungary,Attacking Midfield,,100.0
Kevin Schade,Brentford,24,FW,striker,38.0,2301.0,11.0,2.0,0.4302,0.0782,3.0,1.4,64.3,2.4,6.89,1.0,0.1,0.6,0.8,0.3,0.1,0.6,0.8,1.0,11.8,0.1,0.2,0.0,9.23,1.77,0.17,35000000.0,Germany,Left Winger,,100.0
Maxence Lacroix,Crystal Palace,25,D(C),centre_back,35.0,3119.0,1.0,1.0,0.0289,0.0289,5.0,0.9,81.9,1.7,6.88,1.9,1.5,1.0,5.8,0.4,0.6,0.2,0.2,0.5,41.9,0.1,3.1,0.0,3.66,-2.66,0.12,40000000.0,France,Centre-Back,,100.0
Carlos Baleba,Brighton,22,DMC,cdm,34.0,2674.0,3.0,1.0,0.101,0.0337,6.0,1.3,87.9,1.1,6.88,2.3,1.4,1.2,1.3,0.9,0.3,0.6,1.0,1.4,38.2,0.1,1.9,0.1,2.93,0.07,0.07,55000000.0,Cameroon,Defensive Midfield,,100.0
Justin Kluivert,Bournemouth,26,FW,striker,34.0,2360.0,12.0,6.0,0.4576,0.2288,8.0,1.9,81.0,0.2,6.86,0.7,0.4,1.4,0.7,0.5,0.0,1.3,1.1,1.0,20.0,0.6,0.7,0.1,10.36,1.64,0.16,30000000.0,Netherlands,Attacking Midfield,,100.0
Lisandro Martínez,Man Utd,28,DMC,cdm,20.0,1754.0,2.0,1.0,0.1026,0.0513,7.0,0.9,90.0,0.8,6.86,2.0,1.6,1.1,2.7,0.8,0.4,0.5,0.3,0.4,65.7,0.2,2.2,0.2,1.4,0.6,0.08,40000000.0,Argentina,Centre-Back,,100.0
Leandro Trossard,Arsenal,31,FW,striker,38.0,2560.0,8.0,7.0,0.2812,0.2461,2.0,1.9,80.5,0.2,6.86,0.8,0.2,0.7,0.4,0.6,0.0,1.1,1.0,1.2,22.4,0.4,0.7,0.1,8.24,-0.24,0.11,20000000.0,Belgium,Left Winger,,100.0
Cody Gakpo,Liverpool,26,FW,striker,35.0,1939.0,10.0,4.0,0.4642,0.1857,5.0,1.6,83.7,0.5,6.86,0.8,0.3,0.6,0.5,0.3,0.1,1.1,0.9,0.9,15.6,0.3,0.4,0.1,7.81,2.19,0.14,65000000.0,Netherlands,Left Winger,,100.0
Jordan Pickford,Everton,32,GK,goalkeeper,38.0,3420.0,0.0,1.0,0.0,0.0263,7.0,0.0,63.1,0.2,6.85,0.0,0.0,0.0,1.4,0.0,0.0,0.1,0.0,0.2,37.5,0.0,9.6,0.0,0.0,0.0,0.0,15000000.0,England,Goalkeeper,,100.0
Martin Dúbravka,Newcastle,37,GK,goalkeeper,10.0,900.0,0.0,0.0,0.0,0.0,0.0,0.0,75.9,0.4,6.85,0.0,0.0,0.0,0.0,0.0,0.0,0.0,0.0,0.0,0.0,0.0,0.0,0.0,0.0,0.0,0.0,750000.0,Slovakia,Goalkeeper,,100.0
Casemiro,Man Utd,34,DMC,cdm,24.0,1499.0,1.0,0.0,0.06,0.0,5.0,1.3,80.2,1.6,6.84,3.5,0.6,0.8,2.0,1.2,0.4,0.9,0.1,0.8,40.0,0.3,2.0,0.1,2.36,-1.36,0.07,8000000.0,Brazil,Defensive Midfield,,100.0
Marcus Tavernier,Bournemouth,26,M(CLR),central_mid,29.0,1940.0,3.0,5.0,0.1392,0.232,6.0,2.0,80.3,0.9,6.84,1.5,0.2,1.2,0.3,0.6,0.1,1.5,1.0,1.0,27.3,0.9,1.0,0.1,6.35,-3.35,0.11,23000000.0,England,Attacking Midfield,,100.0
Ibrahima Konaté,Liverpool,26,D(C),centre_back,31.0,2567.0,1.0,2.0,0.0351,0.0701,5.0,0.6,90.3,2.4,6.84,1.3,0.5,0.9,4.0,0.3,0.5,0.3,0.1,0.6,61.2,0.0,1.5,0.0,2.33,-1.33,0.12,50000000.0,France,Centre-Back,,100.0
Yankuba Minteh,Brighton,21,AM(LR),winger,32.0,1846.0,6.0,4.0,0.2925,0.195,6.0,1.1,68.7,0.6,6.84,1.5,0.3,0.7,0.9,0.9,0.0,0.9,1.4,0.3,13.9,0.7,0.4,0.1,5.62,0.38,0.17,40000000.0,The Gambia,Right Winger,,100.0
Anthony Gordon,Newcastle,25,FW,striker,34.0,2447.0,6.0,5.0,0.2207,0.1839,2.0,1.7,81.0,0.2,6.84,0.9,0.2,0.6,0.1,0.7,0.1,1.5,1.1,2.1,23.8,0.9,0.6,0.1,8.59,-2.59,0.15,60000000.0,England,Left Winger,,100.0
Dan Burn,Newcastle,33,M(L),winger,37.0,3330.0,1.0,1.0,0.027,0.027,11.0,0.6,88.6,4.0,6.84,1.1,0.7,0.9,5.2,0.4,0.7,0.2,0.1,0.3,53.9,0.0,1.6,0.0,2.97,-1.97,0.13,5000000.0,England,Centre-Back,,100.0
Vitalii Mykolenko,Everton,26,M(L),winger,35.0,3084.0,1.0,2.0,0.0292,0.0584,4.0,0.4,78.6,1.4,6.83,1.8,1.3,0.6,3.9,0.8,0.3,0.7,0.2,1.0,27.8,0.8,1.4,0.0,0.64,0.36,0.05,25000000.0,Ukraine,Left-Back,,94.11764705882352
Diogo Dalot,Man Utd,27,M(LR),winger,33.0,2814.0,0.0,3.0,0.0,0.0959,5.0,0.8,83.8,1.2,6.83,2.1,1.1,1.2,1.9,0.5,0.3,0.8,0.8,0.3,41.6,0.4,1.7,0.1,1.84,-1.84,0.07,30000000.0,Portugal,Right-Back,,100.0
Sandro Tonali,Newcastle,25,DMC,cdm,36.0,2632.0,4.0,2.0,0.1368,0.0684,5.0,1.0,85.9,0.3,6.83,1.4,0.9,1.0,0.8,0.7,0.3,0.8,0.6,1.4,40.6,0.4,1.4,0.1,4.47,-0.47,0.13,80000000.0,Italy,Defensive Midfield,,100.0
Gabriel Martinelli,Arsenal,24,FW,striker,33.0,2302.0,8.0,4.0,0.3128,0.1564,1.0,1.7,79.0,0.5,6.83,0.7,0.2,0.5,0.5,0.5,0.0,1.2,1.0,0.6,17.9,0.7,0.3,0.1,7.99,0.01,0.15,45000000.0,Brazil,Left Winger,,100.0
Noni Madueke,Chelsea,24,FW,striker,32.0,2049.0,7.0,3.0,0.3075,0.1318,3.0,2.5,83.6,0.3,6.82,0.8,0.3,0.7,0.3,0.8,0.0,1.0,1.4,0.8,18.7,0.3,0.4,0.0,10.75,-3.75,0.13,50000000.0,England,Right Winger,,100.0
Idrissa Gueye,Everton,36,M(C),central_mid,37.0,3070.0,0.0,3.0,0.0,0.0879,9.0,0.7,87.1,0.7,6.82,3.6,1.3,1.5,0.9,1.1,0.2,0.5,0.5,1.2,37.9,0.1,2.1,0.0,1.1,-1.1,0.04,1000000.0,Senegal,Defensive Midfield,,100.0
Raúl Jiménez,Fulham,34,FW,striker,38.0,2506.0,12.0,3.0,0.431,0.1077,4.0,2.5,73.0,2.4,6.82,0.9,0.3,1.0,0.6,0.4,0.1,0.6,0.6,1.1,16.2,0.1,0.6,0.1,14.78,-2.78,0.15,4000000.0,Mexico,Centre-Forward,,100.0
Kenny Tete,Fulham,30,M(R),winger,22.0,1779.0,0.0,2.0,0.0,0.1012,5.0,1.1,82.9,1.2,6.82,2.5,1.5,1.6,2.8,0.7,0.5,0.4,0.4,0.7,34.9,0.5,1.4,0.0,1.7,-1.7,0.07,11000000.0,Netherlands,Right-Back,,100.0
William Saliba,Arsenal,24,D(C),centre_back,35.0,3042.0,2.0,0.0,0.0592,0.0,2.0,0.2,94.6,1.8,6.82,1.8,0.6,0.8,3.4,0.2,0.4,0.2,0.3,0.5,72.8,0.0,2.0,0.0,2.94,-0.94,0.49,90000000.0,France,Centre-Back,,100.0
Tyrone Mings,Aston Villa,33,D(CL),centre_back,14.0,1121.0,0.0,0.0,0.0,0.0,1.0,0.6,88.3,2.0,6.81,0.0,0.0,0.0,0.0,0.0,0.0,0.0,0.0,0.0,0.0,0.0,0.0,0.0,0.0,0.0,0.0,4000000.0,England,Centre-Back,,100.0
Marc Guéhi,Crystal Palace,25,D(C),centre_back,34.0,3060.0,3.0,2.0,0.0882,0.0588,7.0,0.4,84.1,2.0,6.81,1.8,0.8,0.7,4.6,0.5,0.7,0.5,0.4,0.8,51.2,0.1,3.3,0.1,2.69,0.31,0.18,65000000.0,England,Centre-Back,,100.0
Jean-Philippe Mateta,Crystal Palace,28,FW,striker,37.0,2659.0,14.0,2.0,0.4739,0.0677,2.0,1.9,68.1,1.7,6.8,0.5,0.1,0.7,0.6,0.4,0.1,0.8,0.5,0.8,11.4,0.1,0.1,0.1,14.69,-0.69,0.21,35000000.0,France,Centre-Forward,,100.0
Mikel Merino,Arsenal,29,FW,striker,28.0,1582.0,7.0,2.0,0.3982,0.1138,2.0,1.4,79.9,2.1,6.8,1.6,0.5,1.5,0.8,0.6,0.2,0.6,0.3,0.8,19.9,0.1,0.3,0.0,7.15,-0.15,0.19,30000000.0,Spain,Central Midfield,,100.0
Danny Welbeck,Brighton,35,FW,striker,30.0,2123.0,10.0,4.0,0.4239,0.1696,5.0,2.0,85.6,0.6,6.8,0.9,0.2,0.4,0.5,0.4,0.1,0.8,0.4,0.8,16.2,0.0,0.2,0.0,10.85,-0.85,0.18,4000000.0,England,Centre-Forward,,100.0
Ollie Watkins,Aston Villa,30,FW,striker,38.0,2612.0,16.0,8.0,0.5513,0.2757,2.0,2.2,74.2,1.4,6.8,0.3,0.2,0.8,0.4,0.2,0.1,0.7,0.3,0.9,10.9,0.0,0.1,0.0,19.0,-3.0,0.23,30000000.0,England,Centre-Forward,,100.0
Nick Pope,Newcastle,33,GK,goalkeeper,28.0,2520.0,0.0,0.0,0.0,0.0,2.0,0.0,65.3,0.5,6.8,0.0,0.0,0.1,1.9,0.0,0.0,0.0,0.0,0.2,21.1,0.0,2.8,0.0,0.0,0.0,0.0,7000000.0,England,Goalkeeper,,100.0
Joachim Andersen,Fulham,29,D(C),centre_back,29.0,2573.0,0.0,0.0,0.0,0.0,6.0,0.7,83.3,2.6,6.79,0.9,1.2,0.6,6.4,0.3,1.0,0.1,0.1,0.7,68.0,0.1,7.0,0.0,0.84,-0.84,0.04,25000000.0,Denmark,Centre-Back,,100.0
Fabian Schär,Newcastle,34,D(C),centre_back,34.0,2938.0,4.0,0.0,0.1225,0.0,9.0,1.2,84.5,1.7,6.79,1.1,1.3,1.0,3.9,0.6,0.7,0.1,0.2,0.4,57.1,0.0,4.1,0.1,3.9,0.1,0.1,6000000.0,Switzerland,Centre-Back,,100.0
Jarrad Branthwaite,Everton,23,D(C),centre_back,30.0,2510.0,0.0,1.0,0.0,0.0359,4.0,0.3,82.9,2.1,6.79,1.2,0.9,0.4,6.3,0.3,0.8,0.1,0.1,0.6,39.5,0.0,2.8,0.0,1.56,-1.56,0.16,45000000.0,England,Centre-Back,,100.0
Nico O'Reilly,Man City,20,DMC,cdm,9.0,527.0,2.0,0.0,0.3416,0.0,0.0,0.9,87.7,0.7,6.79,0.0,0.0,0.0,0.0,0.0,0.0,0.0,0.0,0.0,0.0,0.0,0.0,0.0,0.0,0.0,0.0,50000000.0,England,Left-Back,,100.0
Lewis Cook,Bournemouth,29,M(CL),central_mid,36.0,2978.0,1.0,3.0,0.0302,0.0907,8.0,0.4,81.9,1.1,6.78,2.3,1.1,1.4,1.8,0.8,0.3,1.3,0.4,0.3,38.3,1.0,1.8,0.1,1.03,-0.03,0.07,13000000.0,England,Central Midfield,,100.0
Evanilson,Bournemouth,26,FW,striker,31.0,2337.0,10.0,1.0,0.3851,0.0385,1.0,2.4,71.6,1.4,6.78,0.5,0.0,1.2,0.7,0.1,0.1,0.8,0.2,1.7,11.0,0.0,0.3,0.1,13.01,-3.01,0.18,35000000.0,Brazil,Centre-Forward,,100.0
Ismaïla Sarr,Crystal Palace,28,FW,striker,38.0,2721.0,8.0,6.0,0.2646,0.1985,4.0,1.6,70.0,1.0,6.78,0.6,0.2,0.4,1.0,0.4,0.2,1.2,0.4,1.5,17.9,0.3,0.3,0.2,12.21,-4.21,0.21,35000000.0,Senegal,Right Winger,,100.0
Jurriën Timber,Arsenal,24,D(CLR),centre_back,30.0,2423.0,1.0,3.0,0.0371,0.1114,7.0,0.5,87.9,0.7,6.78,1.9,0.7,1.0,1.4,0.3,0.1,0.6,0.8,1.0,39.4,0.1,0.4,0.0,1.32,-0.32,0.09,70000000.0,Netherlands,Right-Back,,100.0
Noussair Mazraoui,Man Utd,28,M(R),winger,37.0,2850.0,0.0,1.0,0.0,0.0316,3.0,0.4,86.1,1.4,6.78,3.1,0.9,1.0,2.2,0.9,0.2,0.5,0.7,0.7,42.9,0.2,1.4,0.1,0.9,-0.9,0.07,20000000.0,Morocco,Right-Back,,100.0
Ethan Pinnock,Brentford,32,D(C),centre_back,22.0,1914.0,2.0,0.0,0.094,0.0,2.0,0.5,87.6,2.9,6.78,1.6,1.0,0.4,6.3,0.5,0.8,0.4,0.1,0.2,46.9,0.0,2.1,0.0,1.13,0.87,0.11,4000000.0,Jamaica,Centre-Back,,100.0
Milos Kerkez,Bournemouth,22,M(L),winger,38.0,3341.0,2.0,5.0,0.0539,0.1347,4.0,0.5,80.4,0.7,6.77,1.4,1.2,0.8,2.6,0.4,0.3,0.9,0.6,1.3,35.5,1.0,1.2,0.0,0.63,1.37,0.03,40000000.0,Hungary,Left-Back,,100.0
Sven Botman,Newcastle,26,D(C),centre_back,8.0,416.0,0.0,0.0,0.0,0.0,1.0,0.6,89.4,2.1,6.77,0.0,0.0,0.0,0.0,0.0,0.0,0.0,0.0,0.0,0.0,0.0,0.0,0.0,0.0,0.0,0.0,35000000.0,Netherlands,Centre-Back,,100.0
Brennan Johnson,Tottenham,24,FW,striker,33.0,2181.0,11.0,3.0,0.4539,0.1238,5.0,1.6,75.8,0.2,6.76,1.2,0.1,0.8,0.3,0.5,0.1,0.6,0.6,0.8,17.3,0.2,0.1,0.0,10.58,0.42,0.2,35000000.0,Wales,Right Winger,,100.0
Lucas Digne,Aston Villa,32,M(L),winger,32.0,2362.0,0.0,4.0,0.0,0.1524,4.0,0.4,82.8,1.2,6.76,2.0,0.8,0.7,2.6,0.7,0.1,1.1,0.3,0.5,30.6,1.1,0.9,0.1,0.7,-0.7,0.05,8000000.0,France,Left-Back,,100.0
Pedro Neto,Chelsea,26,FW,striker,35.0,2270.0,4.0,6.0,0.1586,0.2379,8.0,1.7,88.6,0.3,6.76,0.7,0.3,0.6,0.1,0.3,0.1,1.3,1.0,0.9,20.9,1.2,0.7,0.0,4.18,-0.18,0.07,60000000.0,Portugal,Right Winger,,100.0
Tyrick Mitchell,Crystal Palace,26,M(L),winger,37.0,3102.0,0.0,5.0,0.0,0.1451,2.0,0.3,73.6,0.5,6.76,2.5,0.5,0.6,2.6,0.6,0.3,1.1,0.4,0.7,27.7,0.5,1.4,0.0,1.33,-1.33,0.11,25000000.0,England,Left-Back,,100.0
Jørgen Strand Larsen,Wolves,26,FW,striker,35.0,2603.0,14.0,4.0,0.4841,0.1383,4.0,1.5,65.2,1.9,6.75,0.3,0.2,1.3,0.8,0.7,0.1,0.6,0.2,0.5,12.9,0.0,0.3,0.0,11.68,2.32,0.22,45000000.0,Norway,Centre-Forward,,100.0
James Ward-Prowse,West Ham,31,M(CR),central_mid,15.0,1043.0,1.0,1.0,0.0863,0.0863,2.0,0.9,92.8,0.7,6.75,0.0,0.0,0.0,0.0,0.0,0.0,0.0,0.0,0.0,0.0,0.0,0.0,0.0,0.0,0.0,0.0,6000000.0,England,Central Midfield,,100.0
Phil Foden,Man City,25,FW,striker,28.0,1779.0,7.0,2.0,0.3541,0.1012,2.0,1.9,88.6,0.1,6.75,0.5,0.3,0.2,0.3,0.4,0.0,1.5,0.5,1.2,30.4,1.1,1.2,0.1,6.78,0.22,0.13,80000000.0,England,Attacking Midfield,,100.0
Levi Colwill,Chelsea,23,D(CL),centre_back,35.0,3150.0,2.0,1.0,0.0571,0.0286,9.0,0.5,89.7,2.4,6.74,1.3,0.9,1.3,3.3,0.3,0.7,0.4,0.2,0.6,74.1,0.1,2.5,0.0,2.25,-0.25,0.13,50000000.0,England,Centre-Back,,100.0
Jake O'Brien,Everton,24,D(CR),centre_back,20.0,1569.0,2.0,0.0,0.1147,0.0,5.0,0.3,81.3,2.1,6.74,1.3,0.2,0.7,4.5,0.4,0.2,0.3,0.2,0.3,30.3,0.3,1.7,0.0,1.17,0.83,0.19,18000000.0,Ireland,Right-Back,,100.0
Tosin Adarabioyo,Chelsea,28,D(CR),centre_back,22.0,1405.0,1.0,1.0,0.0641,0.0641,4.0,0.6,91.3,1.9,6.73,0.8,0.5,0.4,3.6,0.2,0.3,0.0,0.2,0.4,53.5,0.0,1.9,0.0,1.51,-0.51,0.12,18000000.0,England,Centre-Back,,100.0
Amadou Onana,Aston Villa,24,DMC,cdm,26.0,1626.0,3.0,0.0,0.1661,0.0,4.0,0.7,87.7,1.3,6.73,2.1,1.0,1.2,1.5,0.5,0.3,0.4,0.5,1.2,30.7,0.1,0.7,0.0,2.55,0.45,0.15,45000000.0,Belgium,Defensive Midfield,,100.0
Maximilian Kilman,West Ham,28,D(C),centre_back,38.0,3349.0,0.0,1.0,0.0,0.0269,5.0,0.3,87.1,3.0,6.73,1.0,1.0,0.6,5.5,0.1,1.1,0.4,0.4,0.3,51.3,0.0,2.6,0.0,2.17,-2.17,0.17,16000000.0,England,Centre-Back,,100.0
David Raya,Arsenal,30,GK,goalkeeper,38.0,3420.0,0.0,0.0,0.0,0.0,3.0,0.0,70.6,0.4,6.73,0.0,0.1,0.0,0.8,0.1,0.0,0.0,0.0,0.3,32.4,0.0,4.5,0.0,0.0,0.0,0.0,35000000.0,Spain,Goalkeeper,,100.0
Wesley Fofana,Chelsea,25,D(CR),centre_back,14.0,1176.0,0.0,0.0,0.0,0.0,7.0,0.2,90.8,1.9,6.73,0.0,0.0,0.0,0.0,0.0,0.0,0.0,0.0,0.0,0.0,0.0,0.0,0.0,0.0,0.0,0.0,28000000.0,France,Centre-Back,,100.0
Harvey Barnes,Newcastle,28,AM(CLR),attacking_mid,33.0,1756.0,9.0,4.0,0.4613,0.205,0.0,1.9,82.1,0.2,6.72,0.5,0.2,0.5,0.3,0.2,0.1,0.8,0.7,0.7,16.6,0.4,0.2,0.0,7.84,1.16,0.12,32000000.0,England,Left Winger,,100.0
Jan Paul van Hecke,Brighton,25,D(C),centre_back,34.0,2961.0,1.0,0.0,0.0304,0.0,6.0,0.5,88.5,2.4,6.72,1.3,0.7,0.7,4.1,0.5,0.6,0.4,0.1,0.7,66.6,0.1,4.0,0.1,1.23,-0.23,0.07,35000000.0,Netherlands,Centre-Back,,100.0
Tyler Adams,Bournemouth,27,M(CR),central_mid,28.0,1966.0,0.0,3.0,0.0,0.1373,7.0,0.3,84.9,1.1,6.72,3.0,1.1,1.6,1.3,1.2,0.4,0.6,0.1,0.8,37.7,0.0,0.7,0.0,1.36,-1.36,0.15,25000000.0,United States,Defensive Midfield,,100.0
Mateus Fernandes,Southampton,21,AM(CL),attacking_mid,36.0,2923.0,2.0,4.0,0.0616,0.1232,8.0,1.2,84.5,0.4,6.71,2.5,0.8,1.3,0.8,1.1,0.2,0.9,1.4,1.5,34.3,0.9,1.6,0.1,4.88,-2.88,0.12,35000000.0,Portugal,Central Midfield,,100.0
Emiliano Martínez,Aston Villa,33,GK,goalkeeper,37.0,3198.0,0.0,0.0,0.0,0.0,5.0,0.0,77.0,0.3,6.71,0.1,0.0,0.1,0.5,0.0,0.0,0.1,0.0,0.2,33.7,0.0,5.5,0.0,0.0,0.0,0.0,15000000.0,Argentina,Goalkeeper,,100.0
Ayden Heaven,Man Utd,19,D(C),centre_back,4.0,171.0,0.0,0.0,0.0,0.0,1.0,0.5,85.7,0.5,6.71,0.0,0.0,0.0,0.0,0.0,0.0,0.0,0.0,0.0,0.0,0.0,0.0,0.0,0.0,0.0,0.0,20000000.0,England,Centre-Back,,100.0
Lukasz Fabianski,West Ham,40,GK,goalkeeper,14.0,1161.0,0.0,0.0,0.0,0.0,2.0,0.0,63.6,0.3,6.71,0.0,0.0,0.0,0.0,0.0,0.0,0.0,0.0,0.0,0.0,0.0,0.0,0.0,0.0,0.0,0.0,250000.0,Poland,Goalkeeper,,100.0
Nico González,Man City,24,M(C),central_mid,11.0,763.0,1.0,0.0,0.118,0.0,3.0,0.8,92.3,1.5,6.71,0.0,0.0,0.0,0.0,0.0,0.0,0.0,0.0,0.0,0.0,0.0,0.0,0.0,0.0,0.0,0.0,45000000.0,Spain,Defensive Midfield,,100.0
Kieran Trippier,Newcastle,35,M(R),winger,25.0,1310.0,0.0,3.0,0.0,0.2061,1.0,0.2,85.4,0.9,6.7,1.5,0.5,0.6,1.7,0.6,0.1,0.9,0.2,0.4,41.5,1.0,1.4,0.1,0.14,-0.14,0.04,2500000.0,England,Right-Back,,100.0
Matty Cash,Aston Villa,28,M(CLR),central_mid,27.0,2077.0,1.0,1.0,0.0433,0.0433,7.0,0.5,84.6,0.7,6.7,2.1,0.9,1.0,2.1,0.4,0.3,0.4,0.7,0.7,28.3,0.2,0.9,0.0,0.51,0.49,0.04,22000000.0,Poland,Right-Back,,100.0
Matheus Nunes,Man City,27,M(CLR),central_mid,26.0,1673.0,1.0,6.0,0.0538,0.3228,4.0,0.3,88.8,0.6,6.7,1.3,0.6,1.2,1.2,0.8,0.2,0.9,0.7,0.8,41.5,0.4,1.0,0.1,1.42,-0.42,0.16,45000000.0,Portugal,Right-Back,,100.0
Kepa Arrizabalaga,Bournemouth,31,GK,goalkeeper,31.0,2790.0,0.0,0.0,0.0,0.0,3.0,0.0,70.4,0.3,6.7,0.0,0.0,0.1,1.2,0.1,0.0,0.0,0.0,0.2,29.1,0.0,5.6,0.0,0.06,-0.06,0.06,7000000.0,Spain,Goalkeeper,,100.0
Chris Richards,Crystal Palace,25,DMC,cdm,24.0,1925.0,1.0,0.0,0.0468,0.0,2.0,0.5,81.3,2.0,6.7,2.0,0.8,0.5,4.7,0.7,0.6,0.1,0.0,0.2,34.7,0.0,1.2,0.0,1.78,-0.78,0.15,25000000.0,United States,Centre-Back,,100.0
Keane Lewis-Potter,Brentford,25,FW,striker,38.0,3103.0,1.0,3.0,0.029,0.087,7.0,0.7,80.5,0.7,6.7,1.3,0.6,0.5,1.7,0.5,0.3,0.7,1.1,0.8,27.6,0.7,1.7,0.1,2.62,-1.62,0.09,25000000.0,England,Left Midfield,,100.0
James Garner,Everton,25,M(CR),central_mid,21.0,1595.0,0.0,1.0,0.0,0.0564,5.0,0.6,82.1,0.5,6.7,2.2,1.1,1.0,1.6,0.8,0.2,0.6,0.3,0.7,33.2,0.7,1.3,0.0,0.54,-0.54,0.04,35000000.0,England,Defensive Midfield,,100.0
Matthijs de Ligt,Man Utd,26,D(C),centre_back,29.0,2128.0,2.0,0.0,0.0846,0.0,3.0,0.6,90.4,2.0,6.69,1.0,1.1,0.6,3.1,0.3,0.7,0.2,0.1,0.4,47.2,0.1,1.1,0.0,2.66,-0.66,0.15,40000000.0,Netherlands,Centre-Back,,100.0
Yerson Mosquera,Wolves,24,D(C),centre_back,5.0,442.0,0.0,0.0,0.0,0.0,2.0,0.4,86.1,2.2,6.69,0.0,0.0,0.0,0.0,0.0,0.0,0.0,0.0,0.0,0.0,0.0,0.0,0.0,0.0,0.0,0.0,12000000.0,Colombia,Centre-Back,,100.0
Sepp van den Berg,Brentford,24,M(R),winger,31.0,2589.0,0.0,0.0,0.0,0.0,3.0,0.6,85.7,3.0,6.68,1.3,0.7,0.7,4.2,0.3,1.2,0.2,0.1,0.2,39.0,0.1,1.2,0.0,2.15,-2.15,0.11,32000000.0,Netherlands,Centre-Back,,100.0
Marc Cucurella,Chelsea,27,M(L),winger,36.0,2991.0,5.0,1.0,0.1505,0.0301,8.0,0.7,88.7,0.9,6.68,1.9,0.8,1.0,2.2,0.8,0.4,0.5,0.1,1.1,45.4,0.1,1.2,0.1,3.09,1.91,0.13,50000000.0,Spain,Left-Back,,100.0
Harry Maguire,Man Utd,33,D(C),centre_back,27.0,1758.0,1.0,0.0,0.0512,0.0,7.0,0.6,86.1,2.4,6.68,1.1,1.5,0.7,2.9,0.2,0.4,0.3,0.1,0.4,41.4,0.0,2.1,0.0,2.54,-1.54,0.17,10000000.0,England,Centre-Back,,100.0
Tino Livramento,Newcastle,23,D(LR),fullback,37.0,2842.0,0.0,1.0,0.0,0.0317,1.0,0.2,87.4,0.7,6.68,1.5,0.6,0.2,2.5,0.7,0.3,0.7,0.7,0.9,36.6,0.3,0.6,0.0,0.38,-0.38,0.06,40000000.0,England,Right-Back,,100.0
Dean Henderson,Crystal Palace,29,GK,goalkeeper,38.0,3420.0,0.0,0.0,0.0,0.0,3.0,0.0,57.4,0.3,6.6,0.1,0.0,0.0,1.1,0.1,0.0,0.1,0.0,0.1,28.9,0.0,4.6,0.0,0.03,-0.03,0.03,28000000.0,England,Goalkeeper,,100.0
Adama Traoré,Fulham,30,FW,striker,36.0,1770.0,2.0,7.0,0.1017,0.3559,3.0,1.1,81.2,0.7,6.59,0.6,0.0,0.7,0.1,0.2,0.0,1.2,1.3,0.9,13.4,0.8,0.3,0.0,5.27,-3.27,0.14,8000000.0,Spain,Right Winger,,100.0
Yasin Ayari,Brighton,22,M(C),central_mid,34.0,1971.0,2.0,1.0,0.0913,0.0457,4.0,0.8,85.4,0.5,6.59,1.7,0.6,1.1,0.7,0.9,0.2,0.9,0.5,0.8,26.5,0.6,0.4,0.0,2.39,-0.39,0.09,30000000.0,Sweden,Central Midfield,,100.0
Mats Wieffer,Brighton,26,DMC,cdm,25.0,1008.0,1.0,4.0,0.0893,0.3571,6.0,0.4,86.4,1.4,6.58,2.3,0.7,0.9,1.0,0.6,0.1,0.6,0.3,0.4,25.9,0.1,0.8,0.0,1.2,-0.2,0.13,25000000.0,Netherlands,Defensive Midfield,,100.0
James Justin,Leicester,28,M(LR),winger,36.0,2921.0,2.0,2.0,0.0616,0.0616,6.0,0.7,78.1,1.9,6.58,1.6,1.3,0.8,3.2,0.6,0.5,0.4,0.3,1.2,34.3,0.3,0.9,0.0,2.05,-0.05,0.08,12000000.0,England,Right-Back,,100.0
Manuel Ugarte,Man Utd,24,DMC,cdm,29.0,1790.0,1.0,2.0,0.0503,0.1006,11.0,0.7,88.6,0.6,6.57,2.7,0.9,1.4,0.5,1.3,0.1,0.3,0.6,1.1,30.9,0.1,1.3,0.0,0.98,0.02,0.05,30000000.0,Uruguay,Defensive Midfield,,100.0
Rodrigo Muniz,Fulham,24,FW,striker,31.0,952.0,8.0,1.0,0.7563,0.0945,1.0,1.3,65.7,2.2,6.56,0.3,0.2,0.4,0.5,0.0,0.1,0.2,0.2,1.0,4.5,0.0,0.3,0.0,7.18,0.82,0.18,25000000.0,Brazil,Centre-Forward,,100.0
Emile Smith Rowe,Fulham,25,AM(CL),attacking_mid,34.0,2061.0,6.0,3.0,0.262,0.131,3.0,1.1,91.3,0.2,6.55,0.9,0.3,0.6,0.5,0.5,0.1,0.7,0.5,0.4,29.4,0.1,0.5,0.0,5.01,0.99,0.14,22000000.0,England,Attacking Midfield,,100.0
Konstantinos Mavropanos,West Ham,28,D(CR),centre_back,33.0,2039.0,0.0,0.0,0.0,0.0,4.0,0.5,86.9,1.8,6.54,1.1,1.2,0.5,3.7,0.3,0.5,0.2,0.3,0.5,37.7,0.0,2.0,0.0,2.13,-2.13,0.12,15000000.0,Greece,Centre-Back,,100.0
John McGinn,Aston Villa,31,M(CLR),central_mid,34.0,2232.0,1.0,4.0,0.0403,0.1613,7.0,0.9,86.6,0.5,6.53,1.0,0.4,1.3,0.4,0.5,0.1,0.9,0.6,2.0,23.2,0.4,0.9,0.1,3.62,-2.62,0.12,15000000.0,Scotland,Central Midfield,,100.0
Alphonse Areola,West Ham,33,GK,goalkeeper,26.0,2260.0,0.0,0.0,0.0,0.0,0.0,0.0,66.1,0.1,6.53,0.1,0.0,0.0,1.0,0.0,0.0,0.0,0.0,0.0,33.3,0.0,6.2,0.0,0.0,0.0,0.0,5000000.0,France,Goalkeeper,,100.0
Mads Hermansen,Leicester,25,GK,goalkeeper,27.0,2386.0,0.0,0.0,0.0,0.0,1.0,0.0,56.2,0.1,6.52,0.0,0.0,0.0,1.2,0.0,0.0,0.0,0.0,0.1,34.7,0.0,5.4,0.0,0.0,0.0,0.0,15000000.0,Denmark,Goalkeeper,,100.0
Alejandro Garnacho,Man Utd,21,AM(CLR),attacking_mid,36.0,2196.0,6.0,2.0,0.2459,0.082,3.0,2.3,83.3,0.1,6.52,0.8,0.4,0.3,0.3,0.7,0.0,1.0,0.7,1.2,20.8,0.3,0.5,0.0,9.13,-3.13,0.11,40000000.0,Argentina,Left Winger,,100.0
Vitaly Janelt,Brentford,27,DMC,cdm,32.0,2267.0,1.0,3.0,0.0397,0.1191,3.0,0.4,84.4,0.6,6.51,1.2,0.8,0.8,1.5,0.5,0.3,0.5,0.1,0.5,31.7,0.3,1.5,0.1,0.75,0.25,0.05,18000000.0,Germany,Defensive Midfield,,100.0
Matt O'Riley,Brighton,25,M(CR),central_mid,21.0,939.0,2.0,2.0,0.1917,0.1917,1.0,1.0,83.1,0.3,6.51,0.8,0.6,0.8,0.4,0.4,0.1,1.0,0.4,0.6,17.1,0.8,0.6,0.0,3.11,-1.11,0.14,20000000.0,Denmark,Central Midfield,,100.0
Calvin Bassey,Fulham,26,D(CL),centre_back,35.0,3074.0,1.0,0.0,0.0293,0.0,7.0,0.4,90.1,1.3,6.51,1.5,0.6,0.7,3.2,0.3,0.5,0.1,0.4,0.9,61.1,0.0,2.5,0.0,1.3,-0.3,0.09,28000000.0,Nigeria,Centre-Back,,100.0
Curtis Jones,Liverpool,25,M(CL),central_mid,33.0,1715.0,3.0,3.0,0.1574,0.1574,1.0,1.0,93.7,0.4,6.51,1.2,0.2,0.5,0.2,0.3,0.3,0.7,0.4,0.8,32.1,0.0,0.7,0.1,4.99,-1.99,0.15,35000000.0,England,Central Midfield,,100.0
Dominic Calvert-Lewin,Everton,29,FW,striker,26.0,1614.0,3.0,1.0,0.1673,0.0558,2.0,1.9,63.5,3.3,6.51,0.3,0.3,1.0,0.9,0.2,0.1,0.3,0.4,0.9,10.8,0.0,0.1,0.0,8.67,-5.67,0.17,22000000.0,England,Centre-Forward,,100.0
Sander Berge,Fulham,28,M(C),central_mid,31.0,2231.0,0.0,0.0,0.0,0.0,6.0,0.1,91.7,0.9,6.5,1.6,0.7,1.0,1.2,0.4,0.3,0.6,0.4,0.3,38.4,0.0,1.9,0.1,0.5,-0.5,0.17,25000000.0,Norway,Defensive Midfield,,100.0
Omari Hutchinson,Ipswich,22,AM(CLR),attacking_mid,31.0,2594.0,3.0,2.0,0.1041,0.0694,5.0,1.5,84.4,0.2,6.49,1.0,0.4,1.0,0.2,1.1,0.1,1.0,1.6,1.5,25.4,0.5,0.5,0.0,3.35,-0.35,0.07,30000000.0,England,Attacking Midfield,,100.0
Will Hughes,Crystal Palace,30,M(CLR),central_mid,33.0,2122.0,0.0,3.0,0.0,0.1272,11.0,0.7,81.0,0.6,6.49,2.0,0.7,2.0,0.8,1.0,0.4,1.0,0.2,0.9,27.0,0.5,0.7,0.0,1.02,-1.02,0.05,6000000.0,England,Central Midfield,,100.0
Kyle Walker-Peters,Southampton,28,M(LR),winger,33.0,2922.0,0.0,2.0,0.0,0.0616,5.0,0.6,90.5,0.3,6.49,1.3,0.6,0.8,2.3,0.6,0.5,0.7,1.2,1.6,45.2,0.2,0.8,0.0,1.02,-1.02,0.05,13000000.0,England,Right-Back,,100.0
Jean-Ricner Bellegarde,Wolves,27,M(CLR),central_mid,35.0,1685.0,2.0,7.0,0.1068,0.3739,3.0,0.6,83.3,0.3,6.48,1.1,0.3,0.9,0.5,0.2,0.1,0.8,0.4,1.3,15.7,0.4,0.4,0.1,1.83,0.17,0.08,16000000.0,Haiti,Central Midfield,,100.0
José Sá,Wolves,33,GK,goalkeeper,29.0,2610.0,0.0,0.0,0.0,0.0,2.0,0.0,59.3,0.4,6.48,0.1,0.0,0.1,0.9,0.0,0.0,0.1,0.3,0.3,27.6,0.0,4.0,0.0,0.0,0.0,0.0,5000000.0,Portugal,Goalkeeper,,100.0
Ross Barkley,Aston Villa,32,M(CLR),central_mid,20.0,570.0,3.0,1.0,0.4737,0.1579,3.0,0.8,85.7,0.3,6.47,0.7,0.5,0.4,0.3,0.3,0.2,0.5,0.6,0.2,19.6,0.0,0.5,0.0,2.07,0.93,0.13,5000000.0,England,Central Midfield,,100.0
Kobbie Mainoo,Man Utd,20,M(C),central_mid,25.0,1657.0,0.0,0.0,0.0,0.0,5.0,0.6,87.4,0.8,6.47,1.8,0.8,1.1,0.5,0.6,0.1,0.6,0.9,0.8,32.7,0.1,0.9,0.0,0.81,-0.81,0.05,50000000.0,England,Central Midfield,,100.0
Jean-Clair Todibo,West Ham,26,D(C),centre_back,27.0,1833.0,0.0,0.0,0.0,0.0,3.0,0.2,88.3,1.0,6.46,1.7,1.0,0.6,3.0,0.4,0.5,0.1,0.3,0.2,39.7,0.0,1.1,0.0,0.3,-0.3,0.06,23000000.0,France,Centre-Back,,100.0
Bart Verbruggen,Brighton,23,GK,goalkeeper,36.0,3240.0,0.0,1.0,0.0,0.0278,6.0,0.0,75.1,0.3,6.46,0.0,0.0,0.0,1.3,0.1,0.0,0.0,0.1,0.1,33.0,0.0,5.3,0.0,0.0,0.0,0.0,40000000.0,Netherlands,Goalkeeper,,100.0
Rico Lewis,Man City,21,M(C),central_mid,28.0,1893.0,1.0,2.0,0.0475,0.0951,3.0,0.4,91.4,0.2,6.46,1.1,0.5,0.4,1.4,0.3,0.3,0.3,0.3,1.2,43.0,0.0,0.8,0.0,1.5,-0.5,0.15,32000000.0,England,Right-Back,,100.0
Ian Maatsen,Aston Villa,24,M(CLR),central_mid,29.0,1129.0,1.0,2.0,0.0797,0.1594,2.0,0.7,86.9,0.3,6.45,1.0,0.5,0.4,0.9,0.2,0.0,0.7,0.4,0.3,21.2,0.3,0.3,0.0,0.83,0.17,0.04,30000000.0,Netherlands,Left-Back,,100.0
Jack Grealish,Man City,30,FW,striker,20.0,716.0,1.0,1.0,0.1257,0.1257,3.0,0.8,91.0,0.1,6.44,0.5,0.1,0.3,0.3,0.2,0.1,1.2,0.7,1.3,20.6,0.2,0.5,0.0,1.52,-0.52,0.1,25000000.0,England,Left Winger,,100.0
Myles Lewis-Skelly,Arsenal,19,D(L),fullback,23.0,1372.0,1.0,0.0,0.0656,0.0,3.0,0.1,93.6,0.5,6.44,1.0,0.3,0.5,1.0,0.0,0.0,0.3,0.5,2.0,29.0,0.2,0.3,0.0,0.25,0.75,0.08,35000000.0,England,Left-Back,,100.0
Alex Scott,Bournemouth,22,M(CR),central_mid,20.0,753.0,0.0,0.0,0.0,0.0,3.0,0.8,85.2,0.4,6.44,1.4,0.5,0.9,0.6,1.2,0.2,0.6,0.3,1.3,16.6,0.1,0.8,0.1,0.78,-0.78,0.05,40000000.0,England,Central Midfield,,100.0
Malo Gusto,Chelsea,22,M(R),winger,32.0,1860.0,0.0,1.0,0.0,0.0484,4.0,0.7,89.0,0.3,6.42,1.4,0.8,0.6,1.3,0.7,0.3,0.7,0.1,0.6,37.9,0.3,1.2,0.0,1.46,-1.46,0.07,35000000.0,France,Right-Back,,100.0
Pau Torres,Aston Villa,29,D(C),centre_back,24.0,2020.0,0.0,0.0,0.0,0.0,2.0,0.3,89.3,0.8,6.42,0.9,0.4,0.3,3.1,0.3,0.5,0.1,0.6,0.3,56.6,0.0,2.2,0.0,0.48,-0.48,0.06,22000000.0,Spain,Centre-Back,,100.0
Tyler Dibling,Southampton,20,FW,striker,33.0,1875.0,2.0,0.0,0.096,0.0,6.0,0.8,84.3,0.3,6.42,1.0,0.2,0.9,0.5,0.3,0.2,0.6,1.4,1.5,17.8,0.2,0.4,0.0,3.24,-1.24,0.12,22000000.0,England,Right Winger,,100.0
Jacob Ramsey,Aston Villa,24,AM(CLR),attacking_mid,29.0,1634.0,1.0,3.0,0.0551,0.1652,2.0,0.7,86.6,0.2,6.41,1.0,0.3,0.4,0.3,0.3,0.1,0.7,0.9,1.0,19.6,0.1,0.2,0.0,1.98,-0.98,0.1,35000000.0,England,Central Midfield,,100.0
Leon Bailey,Aston Villa,28,FW,striker,24.0,1144.0,1.0,2.0,0.0787,0.1573,3.0,1.2,77.6,0.3,6.4,0.3,0.1,0.5,0.3,0.3,0.0,0.7,0.9,0.8,14.7,0.1,0.6,0.1,2.66,-1.66,0.09,16000000.0,Jamaica,Right Winger,,100.0
Santiago Bueno,Wolves,27,D(C),centre_back,29.0,1683.0,0.0,0.0,0.0,0.0,2.0,0.2,88.1,1.2,6.4,1.4,0.5,0.9,2.4,0.2,0.7,0.0,0.0,0.2,28.9,0.0,1.0,0.0,0.32,-0.32,0.05,10000000.0,Uruguay,Centre-Back,,100.0
Kristoffer Ajer,Brentford,27,DMC,cdm,24.0,1443.0,0.0,0.0,0.0,0.0,5.0,0.4,77.8,1.2,6.39,1.1,0.5,0.5,2.0,0.5,0.2,0.3,0.3,0.3,23.3,0.2,0.8,0.0,1.25,-1.25,0.14,18000000.0,Norway,Centre-Back,,100.0
Lewis Dunk,Brighton,34,D(C),centre_back,25.0,2083.0,0.0,0.0,0.0,0.0,5.0,0.5,91.4,2.1,6.39,0.7,0.5,0.3,3.1,0.3,0.7,0.2,0.0,0.4,77.4,0.0,3.6,0.1,1.22,-1.22,0.1,4000000.0,England,Centre-Back,,100.0
Mathias Jensen,Brentford,30,M(CR),central_mid,24.0,857.0,0.0,2.0,0.0,0.21,2.0,0.3,81.7,0.3,6.37,0.6,0.3,0.3,0.5,0.3,0.2,0.7,0.4,0.4,16.8,0.5,1.4,0.0,0.26,-0.26,0.04,12000000.0,Denmark,Central Midfield,,100.0
David Brooks,Bournemouth,28,FW,striker,29.0,952.0,2.0,0.0,0.1891,0.0,3.0,0.9,82.2,0.2,6.37,0.5,0.2,0.4,0.3,0.5,0.1,0.7,0.4,0.6,12.0,0.5,0.4,0.0,2.59,-0.59,0.1,14000000.0,Wales,Right Winger,,100.0
Lesley Ugochukwu,Southampton,21,M(C),central_mid,26.0,1667.0,1.0,1.0,0.054,0.054,7.0,0.4,85.6,0.8,6.36,1.9,0.5,1.2,0.9,0.7,0.4,0.5,0.7,0.6,26.9,0.0,0.6,0.0,1.17,-0.17,0.12,25000000.0,France,Defensive Midfield,,100.0
Adam Smith,Bournemouth,34,M(LR),winger,25.0,1599.0,0.0,0.0,0.0,0.0,7.0,0.1,78.7,0.6,6.35,1.0,0.6,0.8,1.5,0.5,0.2,0.3,0.2,0.5,21.0,0.3,0.8,0.0,0.34,-0.34,0.11,500000.0,England,Right-Back,,100.0
Eddie Nketiah,Crystal Palace,26,FW,striker,29.0,1029.0,3.0,1.0,0.2624,0.0875,4.0,1.5,75.7,0.7,6.34,0.5,0.1,1.1,0.3,0.2,0.0,0.4,0.4,1.0,8.1,0.0,0.3,0.0,7.64,-4.64,0.18,14000000.0,England,Centre-Forward,,100.0
Leny Yoro,Man Utd,20,D(C),centre_back,21.0,1165.0,0.0,0.0,0.0,0.0,5.0,0.2,92.5,0.8,6.33,1.4,0.9,0.4,2.0,0.3,0.1,0.1,0.1,0.1,36.0,0.0,0.9,0.0,1.1,-1.1,0.22,50000000.0,France,Centre-Back,,100.0
Daichi Kamada,Crystal Palace,29,FW,striker,34.0,1558.0,0.0,0.0,0.0,0.0,4.0,0.6,82.5,0.1,6.32,1.4,0.5,0.8,0.4,0.8,0.1,0.6,0.2,0.6,21.1,0.3,0.7,0.0,1.16,-1.16,0.06,12000000.0,Japan,Attacking Midfield,,100.0
Joshua Zirkzee,Man Utd,24,FW,striker,32.0,1395.0,3.0,1.0,0.1935,0.0645,2.0,0.9,72.1,0.7,6.32,0.4,0.2,0.3,0.3,0.2,0.1,0.4,0.3,0.4,12.7,0.0,0.2,0.1,4.86,-1.86,0.17,22000000.0,Netherlands,Centre-Forward,,100.0
Issa Diop,Fulham,29,D(C),centre_back,21.0,1336.0,0.0,0.0,0.0,0.0,2.0,0.2,87.5,1.0,6.32,1.2,0.4,0.5,3.3,0.2,0.3,0.1,0.0,0.2,36.0,0.0,1.9,0.0,0.51,-0.51,0.1,10000000.0,Morocco,Centre-Back,,100.0
Rodrigo Gomes,Wolves,22,M(LR),winger,25.0,799.0,2.0,0.0,0.2253,0.0,0.0,0.3,70.7,0.3,6.31,0.9,0.3,0.2,0.6,0.4,0.0,0.5,0.2,0.2,9.8,0.2,0.2,0.0,0.72,1.28,0.1,15000000.0,Portugal,Left Midfield,,100.0
Tom Cairney,Fulham,35,M(CR),central_mid,25.0,615.0,2.0,0.0,0.2927,0.0,3.0,0.4,92.7,0.2,6.28,0.5,0.2,0.3,0.1,0.1,0.0,0.4,0.2,0.8,24.2,0.2,0.7,0.0,0.92,1.08,0.08,750000.0,Scotland,Central Midfield,,100.0
Axel Tuanzebe,Ipswich,28,D(CR),centre_back,22.0,1717.0,0.0,1.0,0.0,0.0524,3.0,0.2,86.1,1.0,6.26,1.4,1.0,0.8,2.5,0.4,0.5,0.2,0.2,0.5,30.5,0.1,0.7,0.0,0.52,-0.52,0.13,5000000.0,DR Congo,Centre-Back,,100.0
Joe Willock,Newcastle,26,M(C),central_mid,32.0,1077.0,0.0,2.0,0.0,0.1671,4.0,0.6,87.0,0.2,6.25,0.9,0.2,0.7,0.2,0.4,0.2,0.7,0.4,0.4,10.6,0.0,0.2,0.0,2.35,-2.35,0.13,16000000.0,England,Central Midfield,,100.0
Sean Longstaff,Newcastle,28,DMC,cdm,25.0,788.0,0.0,0.0,0.0,0.0,2.0,0.2,86.0,0.4,6.25,1.1,0.3,0.4,0.3,0.4,0.2,0.2,0.1,0.2,13.7,0.0,0.4,0.0,0.5,-0.5,0.08,16000000.0,England,Central Midfield,,100.0
Justin Devenny,Crystal Palace,22,M(CL),central_mid,23.0,498.0,1.0,1.0,0.1807,0.1807,1.0,0.4,78.0,0.1,6.19,0.7,0.0,0.3,0.5,0.5,0.0,0.3,0.1,0.0,8.1,0.1,0.3,0.0,0.99,0.01,0.1,12000000.0,Northern Ireland,Attacking Midfield,,100.0
Wataru Endo,Liverpool,33,DMC,cdm,20.0,261.0,0.0,0.0,0.0,0.0,0.0,0.0,94.2,0.2,6.18,0.6,0.3,0.8,0.4,0.2,0.1,0.1,0.1,0.4,9.5,0.0,0.2,0.0,0.0,0.0,0.0,5000000.0,Japan,Defensive Midfield,,100.0
Adam Armstrong,Southampton,29,FW,striker,20.0,1255.0,2.0,2.0,0.1434,0.1434,4.0,1.3,83.6,0.3,6.17,0.6,0.2,0.6,0.4,0.6,0.1,0.5,0.3,0.3,13.5,0.2,0.2,0.0,3.85,-1.85,0.15,8000000.0,England,Centre-Forward,,100.0
Hwang Hee-Chan,Wolves,30,FW,striker,21.0,652.0,2.0,0.0,0.2761,0.0,0.0,0.2,83.6,0.1,6.14,0.3,0.1,0.3,0.5,0.2,0.0,0.1,0.1,0.4,9.0,0.1,0.0,0.0,0.74,1.26,0.15,8000000.0,"Korea, South",Centre-Forward,,100.0
Rúben Dias,Man City,28,D(C),centre_back,0.0,0.0,0.0,0.0,0.0,0.0,0.0,0.0,0.0,0.0,0.0,0.6,0.7,0.4,2.6,0.2,0.7,0.2,0.1,0.3,85.5,0.0,3.1,0.0,1.61,-1.61,0.08,60000000.0,Portugal,Centre-Back,,100.0
Joël Veltman,Brighton,34,M(R),winger,0.0,0.0,0.0,0.0,0.0,0.0,0.0,0.0,0.0,0.0,0.0,2.0,0.9,1.3,3.0,1.0,0.3,0.3,0.2,2.1,36.9,0.4,1.5,0.0,0.54,-0.54,0.09,2500000.0,Netherlands,Right-Back,,100.0
Harry Wilson,Fulham,28,FW,striker,0.0,0.0,0.0,0.0,0.0,0.0,0.0,0.0,0.0,0.0,0.0,0.8,0.3,0.5,0.4,0.2,0.0,0.8,0.4,0.9,16.0,0.4,0.6,0.0,3.97,2.03,0.09,25000000.0,Wales,Right Winger,,100.0
Beto,Everton,28,FW,striker,0.0,0.0,0.0,0.0,0.0,0.0,0.0,0.0,0.0,0.0,0.0,0.5,0.1,1.1,0.8,0.1,0.1,0.4,0.6,0.8,8.8,0.0,0.1,0.0,9.44,-1.44,0.19,20000000.0,Guinea-Bissau,Centre-Forward,,100.0
Boubacar Kamara,Aston Villa,26,DMC,cdm,0.0,0.0,0.0,0.0,0.0,0.0,0.0,0.0,0.0,0.0,0.0,1.9,0.7,1.2,1.8,1.0,0.3,0.4,0.3,1.3,35.8,0.0,1.0,0.0,0.77,0.23,0.08,40000000.0,France,Defensive Midfield,,100.0
Aaron Ramsdale,Southampton,27,GK,goalkeeper,0.0,0.0,0.0,0.0,0.0,0.0,0.0,0.0,0.0,0.0,0.0,0.0,0.1,0.0,0.9,0.1,0.0,0.0,0.0,0.1,36.2,0.0,7.5,0.0,0.0,0.0,0.0,12000000.0,England,Goalkeeper,,100.0
João Gomes,Wolves,25,M(C),central_mid,0.0,0.0,0.0,0.0,0.0,0.0,0.0,0.0,0.0,0.0,0.0,3.2,0.7,1.9,0.9,1.7,0.1,0.6,0.8,1.3,43.7,0.2,1.2,0.1,2.9,0.1,0.08,35000000.0,Brazil,Central Midfield,,100.0
Matt Doherty,Wolves,34,M(LR),winger,0.0,0.0,0.0,0.0,0.0,0.0,0.0,0.0,0.0,0.0,0.0,1.3,0.7,0.6,3.2,0.3,0.5,0.4,0.4,0.4,40.3,0.0,2.5,0.1,1.65,0.35,0.16,1500000.0,Ireland,Right-Back,,100.0
Timothy Castagne,Fulham,30,M(LR),winger,0.0,0.0,0.0,0.0,0.0,0.0,0.0,0.0,0.0,0.0,0.0,1.9,0.9,0.6,3.1,0.8,0.3,0.4,0.2,0.3,32.8,0.2,1.0,0.0,0.52,-0.52,0.06,10000000.0,Belgium,Right-Back,,100.0
Jadon Sancho,Chelsea,25,AM(CLR),attacking_mid,0.0,0.0,0.0,0.0,0.0,0.0,0.0,0.0,0.0,0.0,0.0,0.4,0.1,0.2,0.2,0.2,0.0,1.2,1.5,0.4,24.8,0.0,0.3,0.1,2.62,0.38,0.11,20000000.0,England,Left Winger,,100.0
Bernd Leno,Fulham,34,GK,goalkeeper,0.0,0.0,0.0,0.0,0.0,0.0,0.0,0.0,0.0,0.0,0.0,0.1,0.0,0.0,0.8,0.0,0.0,0.1,0.0,0.1,32.5,0.0,4.5,0.0,0.0,0.0,0.0,8000000.0,Germany,Goalkeeper,,100.0
Liam Delap,Ipswich,23,FW,striker,0.0,0.0,0.0,0.0,0.0,0.0,0.0,0.0,0.0,0.0,0.0,0.3,0.1,1.9,0.8,0.4,0.0,0.6,1.1,1.4,9.4,0.0,0.1,0.1,11.7,0.3,0.17,32000000.0,England,Centre-Forward,,100.0
Adam Wharton,Crystal Palace,22,DMC,cdm,0.0,0.0,0.0,0.0,0.0,0.0,0.0,0.0,0.0,0.0,0.0,1.7,1.0,0.6,1.4,1.4,0.1,1.3,0.1,1.1,34.0,0.7,2.0,0.1,0.35,-0.35,0.03,60000000.0,England,Defensive Midfield,,100.0
Jack Hinshelwood,Brighton,20,M(C),central_mid,0.0,0.0,0.0,0.0,0.0,0.0,0.0,0.0,0.0,0.0,0.0,1.0,0.6,0.7,1.4,0.6,0.1,0.7,0.1,0.3,36.3,0.2,1.3,0.0,3.46,1.54,0.19,22000000.0,England,Defensive Midfield,,100.0
Robert Sánchez,Chelsea,28,GK,goalkeeper,0.0,0.0,0.0,0.0,0.0,0.0,0.0,0.0,0.0,0.0,0.0,0.0,0.1,0.1,1.1,0.0,0.0,0.1,0.0,0.1,32.9,0.0,4.3,0.0,0.0,0.0,0.0,22000000.0,Spain,Goalkeeper,,100.0
André,Wolves,24,DMC,cdm,0.0,0.0,0.0,0.0,0.0,0.0,0.0,0.0,0.0,0.0,0.0,2.8,1.1,1.1,0.9,0.8,0.2,0.5,0.5,1.0,40.5,0.0,1.6,0.1,0.39,-0.39,0.04,25000000.0,Brazil,Defensive Midfield,,100.0
Ezri Konsa,Aston Villa,28,D(CR),centre_back,0.0,0.0,0.0,0.0,0.0,0.0,0.0,0.0,0.0,0.0,0.0,1.0,0.7,0.3,3.1,0.1,0.3,0.2,0.2,1.4,48.0,0.0,1.0,0.1,1.54,0.46,0.14,40000000.0,England,Centre-Back,,100.0
Georginio Rutter,Brighton,23,FW,striker,0.0,0.0,0.0,0.0,0.0,0.0,0.0,0.0,0.0,0.0,0.0,1.4,0.4,1.2,0.4,0.8,0.1,0.7,1.0,1.6,12.3,0.0,0.3,0.1,6.11,-1.11,0.12,30000000.0,France,Centre-Forward,,100.0
Jefferson Lerma,Crystal Palace,31,DMC,cdm,0.0,0.0,0.0,0.0,0.0,0.0,0.0,0.0,0.0,0.0,0.0,1.1,1.3,1.1,2.4,0.5,0.5,0.3,0.2,1.2,32.0,0.2,1.6,0.1,1.3,-1.3,0.05,8000000.0,Colombia,Defensive Midfield,,100.0
Facundo Buonanotte,Leicester,21,AM(CR),attacking_mid,0.0,0.0,0.0,0.0,0.0,0.0,0.0,0.0,0.0,0.0,0.0,1.7,0.4,1.2,0.4,1.5,0.2,0.8,0.9,1.1,16.6,0.5,0.5,0.2,4.73,0.27,0.13,16000000.0,Argentina,Attacking Midfield,,100.0
